Date,Mar,May,Jul,Sep,diff,Prime
2018-01-02,500.5,507.0,511.75,522.0,1,4.5
2018-01-03,501.75,508.5,513.5,523.75,1,4.5
2018-01-04,501.75,508.75,512.75,523.0,1,4.5
2018-01-05,499.5,506.5,508.75,519.0,1,4.5
2018-01-08,496.75,504.25,507.25,517.5,3,4.5
2018-01-09,501.75,508.75,510.75,521.0,1,4.5
2018-01-10,505.0,512.0,513.25,523.5,1,4.5
2018-01-11,502.25,509.0,511.5,521.75,1,4.5
2018-01-12,492.5,500.0,502.25,511.75,1,4.5
2018-01-16,490.5,498.5,499.75,509.0,4,4.5
2018-01-17,493.25,501.5,503.25,512.5,1,4.5
2018-01-18,498.25,506.75,509.0,517.75,1,4.5
2018-01-19,496.5,505.0,506.5,515.25,1,4.5
2018-01-22,500.25,508.25,509.75,518.25,3,4.5
2018-01-23,496.25,504.75,506.75,515.5,1,4.5
2018-01-24,506.0,512.75,513.75,522.25,1,4.5
2018-01-25,507.0,514.25,515.5,523.75,1,4.5
2018-01-26,513.0,520.0,521.25,529.25,1,4.5
2018-01-29,521.5,527.5,528.75,537.5,3,4.5
2018-01-30,531.25,536.5,536.5,545.0,1,4.5
2018-01-31,525.0,530.0,531.25,540.0,1,4.5
2018-02-01,525.0,530.0,530.75,540.5,1,4.5
2018-02-02,520.75,527.0,527.75,537.0,1,4.5
2018-02-05,514.75,522.25,524.25,533.5,3,4.5
2018-02-06,521.0,528.5,529.25,538.0,1,4.5
2018-02-07,532.75,538.75,538.5,548.5,1,4.5
2018-02-08,531.5,537.0,536.75,546.0,1,4.5
2018-02-09,524.75,530.0,529.5,538.0,1,4.5
2018-02-12,538.75,544.5,545.0,552.75,3,4.5
2018-02-13,537.0,542.5,541.75,549.0,1,4.5
2018-02-14,535.25,539.5,539.5,546.75,1,4.5
2018-02-15,541.0,545.25,544.0,550.25,1,4.5
2018-02-16,538.5,543.0,542.5,548.75,1,4.5
2018-02-20,533.0,537.75,537.0,543.25,4,4.5
2018-02-21,528.25,533.0,532.0,538.25,1,4.5
2018-02-22,531.75,536.75,536.0,542.25,1,4.5
2018-02-23,533.0,538.25,537.25,543.75,1,4.5
2018-02-26,541.75,546.75,544.75,550.5,3,4.5
2018-02-27,544.0,548.5,545.0,550.5,1,4.5
2018-02-28,554.5,557.25,553.75,558.25,1,4.5
2018-03-01,572.5,575.25,573.5,577.75,1,4.5
2018-03-02,560.75,565.0,566.0,571.25,1,4.5
2018-03-05,570.0,574.75,575.25,581.0,3,4.5
2018-03-06,569.25,574.5,575.25,580.75,1,4.5
2018-03-07,562.5,567.25,570.75,576.25,1,4.5
2018-03-08,565.75,571.25,574.5,579.75,1,4.5
2018-03-09,556.25,562.75,567.5,573.25,1,4.5
2018-03-12,558.25,565.0,568.0,574.5,3,4.5
2018-03-13,555.75,563.0,567.5,573.75,1,4.5
2018-03-14,559.0,566.75,570.0,576.0,1,4.5
2018-03-15,549.25,557.25,560.5,566.75,1,4.5
2018-03-16,539.75,548.0,550.75,558.5,1,4.5
2018-03-19,523.5,532.25,535.25,543.5,3,4.5
2018-03-20,523.5,532.5,536.0,543.75,1,4.5
2018-03-21,524.5,533.25,538.25,546.25,1,4.5
2018-03-22,526.5,535.25,541.0,549.0,1,4.75
2018-03-23,530.75,539.5,545.5,554.25,1,4.75
2018-03-26,525.75,534.75,541.25,549.75,3,4.75
2018-03-27,521.25,530.0,536.0,544.5,1,4.75
2018-03-28,517.0,525.75,532.0,540.75,1,4.75
2018-03-29,522.25,531.0,535.25,543.75,1,4.75
2018-04-03,528.25,537.5,541.25,548.75,5,4.75
2018-04-04,529.0,538.25,542.0,549.0,1,4.75
2018-04-05,537.25,546.5,550.25,557.75,1,4.75
2018-04-06,546.25,554.5,558.0,565.0,1,4.75
2018-04-09,562.0,570.75,572.25,579.25,3,4.75
2018-04-10,565.75,574.25,574.5,581.0,1,4.75
2018-04-11,563.5,571.75,571.75,579.0,1,4.75
2018-04-12,557.75,566.25,566.25,573.0,1,4.75
2018-04-13,549.0,557.25,558.5,566.75,1,4.75
2018-04-16,538.5,547.5,550.25,558.5,3,4.75
2018-04-17,541.0,550.25,552.5,560.5,1,4.75
2018-04-18,549.0,558.5,560.0,567.75,1,4.75
2018-04-19,550.75,559.75,561.25,569.0,1,4.75
2018-04-20,538.75,547.5,549.0,557.25,1,4.75
2018-04-23,536.75,545.0,546.5,555.0,3,4.75
2018-04-24,544.0,552.25,555.25,562.25,1,4.75
2018-04-25,556.25,564.75,568.25,575.5,1,4.75
2018-04-26,547.25,555.75,559.0,567.0,1,4.75
2018-04-27,555.0,563.25,567.0,574.75,1,4.75
2018-04-30,563.25,570.0,572.0,578.25,3,4.75
2018-05-02,578.75,586.0,589.0,594.75,2,4.75
2018-05-03,588.25,595.5,596.75,600.5,1,4.75
2018-05-04,579.25,587.0,588.25,593.25,1,4.75
2018-05-07,569.25,578.0,579.75,585.0,3,4.75
2018-05-08,571.5,580.5,582.5,587.5,1,4.75
2018-05-09,567.75,577.0,579.25,584.75,1,4.75
2018-05-10,562.5,572.0,574.75,580.0,1,4.75
2018-05-11,555.5,565.25,569.0,575.5,1,4.75
2018-05-14,548.5,559.0,563.0,569.75,3,4.75
2018-05-15,549.25,559.0,562.5,568.0,1,4.75
2018-05-16,549.75,559.25,563.0,568.0,1,4.75
2018-05-17,552.75,562.75,567.0,572.25,1,4.75
2018-05-18,572.5,581.75,585.5,589.75,1,4.75
2018-05-21,565.5,575.25,579.75,584.75,3,4.75
2018-05-22,578.0,588.0,591.25,595.75,1,4.75
2018-05-23,585.5,594.75,597.5,601.5,1,4.75
2018-05-24,583.25,591.75,593.5,597.5,1,4.75
2018-05-25,594.5,602.25,603.25,606.5,1,4.75
2018-05-29,588.5,596.0,596.5,600.0,4,4.75
2018-05-30,575.25,584.0,586.25,591.5,1,4.75
2018-05-31,580.25,589.5,592.25,597.0,1,4.75
2018-06-01,579.75,590.0,593.0,598.5,1,4.75
2018-06-04,563.75,575.5,580.0,587.0,3,4.75
2018-06-05,568.75,580.5,584.5,591.5,1,4.75
2018-06-06,577.0,588.25,591.5,597.5,1,4.75
2018-06-07,583.5,594.25,596.25,602.0,1,4.75
2018-06-08,577.5,588.25,590.75,597.0,1,4.75
2018-06-11,572.25,583.0,586.25,592.25,3,4.75
2018-06-12,590.75,601.25,604.0,610.0,1,4.75
2018-06-13,575.0,586.25,590.0,596.75,1,4.75
2018-06-14,560.0,571.75,576.75,584.25,1,5.0
2018-06-15,553.75,565.0,569.5,576.75,1,5.0
2018-06-18,539.75,552.5,558.5,566.0,3,5.0
2018-06-19,527.75,540.0,545.75,554.5,1,5.0
2018-06-20,534.0,545.5,550.25,558.75,1,5.0
2018-06-21,539.5,551.0,555.25,563.25,1,5.0
2018-06-22,538.5,550.25,554.75,563.0,1,5.0
2018-06-25,526.25,538.0,543.25,552.75,3,5.0
2018-06-26,517.75,529.75,535.5,545.0,1,5.0
2018-06-27,519.25,530.75,536.25,545.0,1,5.0
2018-06-28,515.25,527.0,532.0,540.75,1,5.0
2018-06-29,532.25,543.75,548.5,556.5,1,5.0
2018-07-02,512.5,524.5,529.5,538.5,3,5.0
2018-07-03,521.5,532.0,537.0,545.5,1,5.0
2018-07-05,533.25,542.5,546.25,554.5,2,5.0
2018-07-06,543.75,553.0,557.5,566.0,1,5.0
2018-07-09,540.5,550.5,555.0,563.25,3,5.0
2018-07-10,527.25,538.25,543.25,552.0,1,5.0
2018-07-11,509.25,521.75,527.75,537.5,1,5.0
2018-07-12,518.25,530.0,535.0,544.25,1,5.0
2018-07-13,527.5,538.5,542.75,551.75,1,5.0
2018-07-16,519.0,529.75,535.25,544.5,3,5.0
2018-07-17,526.0,535.5,539.75,549.0,1,5.0
2018-07-18,526.25,536.25,541.25,550.5,1,5.0
2018-07-19,536.0,545.75,549.75,558.5,1,5.0
2018-07-20,548.75,557.5,560.5,568.5,1,5.0
2018-07-23,549.5,557.75,561.25,569.75,3,5.0
2018-07-24,546.5,555.25,558.75,567.0,1,5.0
2018-07-25,576.75,583.5,584.25,590.25,1,5.0
2018-07-26,572.0,577.75,576.5,582.75,1,5.0
2018-07-27,566.0,572.25,573.5,580.25,1,5.0
2018-07-30,581.75,587.5,587.5,593.75,3,5.0
2018-07-31,587.75,592.75,592.25,599.25,1,5.0
2018-08-01,594.0,598.5,596.75,603.25,1,5.0
2018-08-02,600.0,606.0,597.5,603.75,1,5.0
2018-08-03,599.25,605.25,597.75,604.25,1,5.0
2018-08-06,615.0,619.0,610.75,616.75,3,5.0
2018-08-07,609.25,615.0,605.25,611.25,1,5.0
2018-08-08,611.5,619.75,609.25,615.25,1,5.0
2018-08-09,607.0,614.75,604.25,610.0,1,5.0
2018-08-10,591.0,598.75,590.75,597.75,1,5.0
2018-08-13,575.5,585.25,581.25,588.25,3,5.0
2018-08-14,582.75,592.25,587.5,594.0,1,5.0
2018-08-15,574.25,584.25,578.75,585.25,1,5.0
2018-08-16,584.75,596.0,588.5,595.5,1,5.0
2018-08-17,601.5,611.0,596.75,603.0,1,5.0
2018-08-20,585.25,595.5,585.75,592.5,3,5.0
2018-08-21,571.25,581.75,575.0,581.75,1,5.0
2018-08-22,568.5,579.75,573.25,580.25,1,5.0
2018-08-23,564.5,576.25,570.75,577.75,1,5.0
2018-08-24,559.5,571.5,566.25,573.5,1,5.0
2018-08-27,546.25,558.75,554.5,562.25,3,5.0
2018-08-28,545.75,558.5,554.25,561.25,1,5.0
2018-08-29,562.5,574.75,567.75,574.25,1,5.0
2018-08-30,555.5,567.75,561.75,569.0,1,5.0
2018-08-31,565.5,577.75,570.25,577.25,1,5.0
2018-09-04,551.5,565.5,562.0,570.0,4,5.0
2018-09-05,542.5,556.5,553.25,564.75,1,5.0
2018-09-06,535.0,549.0,547.25,557.75,1,5.0
2018-09-07,531.5,544.75,542.75,553.25,1,5.0
2018-09-10,546.75,560.25,560.5,570.5,3,5.0
2018-09-11,537.75,551.5,552.5,563.25,1,5.0
2018-09-12,527.0,541.5,545.0,555.25,1,5.0
2018-09-13,517.75,533.25,538.25,549.25,1,5.0
2018-09-14,530.25,544.5,550.25,559.75,1,5.0
2018-09-17,525.25,539.25,545.5,554.5,3,5.0
2018-09-18,529.0,541.5,546.5,555.75,1,5.0
2018-09-19,540.25,551.75,555.0,564.75,1,5.0
2018-09-20,542.5,553.75,556.25,565.75,1,5.0
2018-09-21,540.75,553.0,555.75,565.5,1,5.0
2018-09-24,545.5,557.25,559.25,568.75,3,5.0
2018-09-25,539.5,551.25,552.0,562.0,1,5.0
2018-09-26,536.0,547.25,548.25,558.5,1,5.0
2018-09-27,530.75,541.25,542.25,553.0,1,5.25
2018-09-28,527.25,538.25,540.75,551.75,1,5.25
2018-10-01,528.75,541.0,544.5,556.25,3,5.25
2018-10-02,538.0,549.0,554.5,567.0,1,5.25
2018-10-03,534.75,546.0,552.25,565.0,1,5.25
2018-10-04,536.75,547.5,553.75,566.75,1,5.25
2018-10-05,540.25,550.25,555.5,568.5,1,5.25
2018-10-08,534.0,544.25,549.5,562.5,3,5.25
2018-10-09,535.25,546.25,552.0,564.5,1,5.25
2018-10-10,531.25,543.5,548.75,560.25,1,5.25
2018-10-11,529.25,541.5,548.0,560.0,1,5.25
2018-10-12,537.5,549.25,555.5,567.0,1,5.25
2018-10-15,543.75,555.25,560.25,571.25,3,5.25
2018-10-16,543.5,554.5,559.25,570.25,1,5.25
2018-10-17,538.0,549.0,554.5,565.0,1,5.25
2018-10-18,533.5,545.75,551.75,562.75,1,5.25
2018-10-19,534.25,547.0,552.75,562.5,1,5.25
2018-10-22,527.5,540.25,546.5,557.25,3,5.25
2018-10-23,529.25,542.25,548.5,559.25,1,5.25
2018-10-24,519.75,533.0,539.25,550.75,1,5.25
2018-10-25,507.75,521.0,528.25,540.25,1,5.25
2018-10-26,524.25,536.75,543.5,555.5,1,5.25
2018-10-29,526.0,538.25,544.75,556.25,3,5.25
2018-10-30,517.5,530.0,536.5,548.75,1,5.25
2018-10-31,516.0,527.5,534.0,545.75,1,5.25
2018-11-01,522.75,534.25,540.5,553.25,1,5.25
2018-11-02,524.0,535.75,542.75,554.0,1,5.25
2018-11-05,523.0,534.75,542.75,552.75,3,5.25
2018-11-06,527.25,538.25,546.25,556.5,1,5.25
2018-11-07,522.5,533.0,541.75,553.0,1,5.25
2018-11-08,519.75,530.25,539.75,551.75,1,5.25
2018-11-09,512.25,519.5,526.0,537.75,1,5.25
2018-11-12,526.5,534.0,541.5,553.0,3,5.25
2018-11-13,517.75,526.5,535.25,547.25,1,5.25
2018-11-14,512.0,521.0,530.25,542.0,1,5.25
2018-11-15,514.75,523.0,531.75,542.25,1,5.25
2018-11-16,515.25,522.25,530.75,541.25,1,5.25
2018-11-19,506.5,513.5,522.25,533.75,3,5.25
2018-11-20,508.5,515.25,523.75,534.75,1,5.25
2018-11-21,506.75,513.25,521.5,532.25,1,5.25
2018-11-23,507.25,513.0,520.25,531.0,2,5.25
2018-11-26,514.0,518.75,525.0,534.75,3,5.25
2018-11-27,506.5,512.5,519.5,529.25,1,5.25
2018-11-28,511.5,519.0,526.25,535.5,1,5.25
2018-11-29,507.75,514.5,521.5,531.0,1,5.25
2018-11-30,515.75,521.25,527.25,536.25,1,5.25
2018-12-03,521.25,527.5,533.75,543.0,3,5.25
2018-12-04,522.5,527.75,532.75,541.0,1,5.25
2018-12-05,518.0,523.25,527.75,536.0,1,5.25
2018-12-06,515.5,521.0,525.5,534.0,1,5.25
2018-12-07,531.25,536.0,540.0,548.25,1,5.25
2018-12-10,525.25,531.5,537.25,545.75,3,5.25
2018-12-11,521.0,528.5,536.0,545.0,1,5.25
2018-12-12,526.5,532.25,538.75,546.25,1,5.25
2018-12-13,536.0,541.75,547.5,554.5,1,5.25
2018-12-14,530.0,536.5,542.75,549.75,1,5.25
2018-12-17,535.25,541.75,547.75,554.5,3,5.25
2018-12-18,532.75,539.25,545.75,553.0,1,5.25
2018-12-19,522.5,529.75,537.0,544.75,1,5.25
2018-12-20,523.5,531.0,538.25,546.0,1,5.5
2018-12-21,514.0,521.25,528.75,537.25,1,5.5
2018-12-24,516.5,523.5,532.0,540.75,3,5.5
2018-12-27,510.5,517.75,525.75,535.0,3,5.5
2018-12-28,511.5,518.75,526.25,535.5,1,5.5
2018-12-31,503.25,510.5,518.5,528.25,3,5.5
2019-01-02,557.0,563.5,558.5,565.5,1,5.5
2019-01-03,562.75,568.5,563.75,570.5,1,5.5
2019-01-04,564.5,570.75,567.25,574.0,1,5.5
2019-01-07,558.75,563.75,561.25,568.25,3,5.5
2019-01-08,561.25,566.25,564.25,571.0,1,5.5
2019-01-09,562.5,567.75,566.0,572.75,1,5.5
2019-01-10,556.25,561.75,560.5,567.5,1,5.5
2019-01-11,561.0,566.25,564.0,570.5,1,5.5
2019-01-14,556.5,562.0,560.0,566.75,3,5.5
2019-01-15,552.75,558.0,556.0,562.25,1,5.5
2019-01-16,554.75,560.0,557.5,563.5,1,5.5
2019-01-17,559.0,563.75,561.5,567.75,1,5.5
2019-01-18,559.5,564.0,561.25,567.25,1,5.5
2019-01-22,564.0,568.75,564.75,570.5,4,5.5
2019-01-23,567.5,571.75,567.25,572.75,1,5.5
2019-01-24,564.25,568.75,563.5,569.25,1,5.5
2019-01-25,563.0,567.5,562.0,567.5,1,5.5
2019-01-28,563.25,568.25,563.5,569.25,3,5.5
2019-01-29,558.25,563.75,560.25,566.25,1,5.5
2019-01-30,560.5,566.25,562.25,568.0,1,5.5
2019-01-31,559.5,565.25,560.75,566.5,1,5.5
2019-02-01,561.25,565.25,561.0,566.75,1,5.5
2019-02-04,561.0,564.0,559.75,565.25,3,5.5
2019-02-05,556.0,559.0,553.75,559.25,1,5.5
2019-02-06,559.0,562.0,556.5,562.25,1,5.5
2019-02-07,552.5,556.0,548.5,554.75,1,5.5
2019-02-08,551.5,554.5,548.5,554.5,1,5.5
2019-02-11,553.25,556.75,550.5,556.25,3,5.5
2019-02-12,554.5,558.5,553.0,559.0,1,5.5
2019-02-13,556.75,560.75,556.0,562.0,1,5.5
2019-02-14,546.0,551.0,549.0,555.5,1,5.5
2019-02-15,543.25,549.0,546.75,553.75,1,5.5
2019-02-19,531.5,537.0,533.5,540.25,4,5.5
2019-02-20,524.5,529.5,526.75,533.25,1,5.5
2019-02-21,528.75,534.0,532.0,537.75,1,5.5
2019-02-22,528.5,532.75,531.5,537.25,1,5.5
2019-02-25,512.5,518.5,518.25,524.5,3,5.5
2019-02-26,512.0,518.5,517.0,523.5,1,5.5
2019-02-27,509.0,515.75,514.25,520.5,1,5.5
2019-02-28,504.5,512.25,511.0,517.25,1,5.5
2019-03-01,501.0,510.25,510.0,516.75,1,5.5
2019-03-04,497.25,505.5,505.0,512.0,3,5.5
2019-03-05,503.0,511.25,511.0,517.5,1,5.5
2019-03-06,493.0,502.25,502.25,509.5,1,5.5
2019-03-07,484.0,493.5,493.0,500.5,1,5.5
2019-03-08,485.0,492.5,492.75,500.5,1,5.5
2019-03-11,474.0,481.5,482.25,489.25,3,5.5
2019-03-12,495.5,501.75,502.75,509.25,1,5.5
2019-03-13,491.75,498.0,499.25,505.75,1,5.5
2019-03-14,495.5,502.0,505.0,511.5,1,5.5
2019-03-15,504.0,510.25,512.5,519.25,1,5.5
2019-03-18,499.75,506.25,508.0,515.0,3,5.5
2019-03-19,499.25,505.75,507.5,514.5,1,5.5
2019-03-20,506.75,513.25,514.75,521.25,1,5.5
2019-03-21,507.75,514.25,516.0,522.75,1,5.5
2019-03-22,508.0,514.25,515.75,522.25,1,5.5
2019-03-25,511.75,518.25,519.75,525.75,3,5.5
2019-03-26,510.0,515.5,516.75,523.25,1,5.5
2019-03-27,509.75,515.5,517.75,524.25,1,5.5
2019-03-28,506.25,512.25,514.0,520.5,1,5.5
2019-03-29,497.75,503.75,505.5,512.5,1,5.5
2019-04-01,503.5,510.5,512.0,518.25,3,5.5
2019-04-02,503.25,510.25,512.0,518.5,1,5.5
2019-04-03,508.5,515.5,517.25,523.5,1,5.5
2019-04-04,508.75,516.0,518.0,524.25,1,5.5
2019-04-05,505.75,513.5,515.75,522.5,1,5.5
2019-04-08,506.0,512.5,514.5,520.75,3,5.5
2019-04-09,503.25,510.25,512.0,518.5,1,5.5
2019-04-10,501.25,508.75,511.0,517.5,1,5.5
2019-04-11,504.5,512.5,514.25,521.0,1,5.5
2019-04-12,506.25,514.25,516.0,522.5,1,5.5
2019-04-15,504.25,513.0,514.75,521.5,3,5.5
2019-04-16,491.5,501.75,505.25,513.0,1,5.5
2019-04-17,491.5,501.5,505.25,512.75,1,5.5
2019-04-18,487.75,497.5,500.75,507.75,1,5.5
2019-04-23,485.0,494.75,499.5,507.25,5,5.5
2019-04-24,479.5,489.25,494.25,502.0,1,5.5
2019-04-25,482.0,491.75,496.75,504.0,1,5.5
2019-04-26,483.75,493.0,497.25,504.5,1,5.5
2019-04-29,477.75,487.5,491.75,499.25,3,5.5
2019-04-30,472.25,482.75,487.75,495.75,1,5.5
2019-05-02,483.5,492.25,494.75,502.0,2,5.5
2019-05-03,479.5,488.5,490.75,498.25,1,5.5
2019-05-06,478.0,487.25,489.5,497.0,3,5.5
2019-05-07,477.75,486.25,488.25,496.0,1,5.5
2019-05-08,475.5,484.0,486.75,494.75,1,5.5
2019-05-09,467.5,477.25,480.25,488.25,1,5.5
2019-05-10,463.0,472.5,474.75,483.0,1,5.5
2019-05-13,473.5,482.0,483.75,491.75,3,5.5
2019-05-14,484.5,492.5,493.75,501.25,1,5.5
2019-05-15,484.5,492.5,493.5,501.25,1,5.5
2019-05-16,498.75,505.75,506.0,513.0,1,5.5
2019-05-17,496.75,503.75,503.5,512.0,1,5.5
2019-05-20,510.25,516.5,515.0,522.5,3,5.5
2019-05-21,509.75,514.75,511.75,518.75,1,5.5
2019-05-22,507.0,512.25,509.75,516.5,1,5.5
2019-05-23,506.0,512.5,511.0,518.5,1,5.5
2019-05-24,522.25,528.5,527.25,533.75,1,5.5
2019-05-28,535.25,539.75,537.75,543.75,4,5.5
2019-05-29,525.0,530.5,530.25,537.25,1,5.5
2019-05-30,548.5,553.75,550.5,556.5,1,5.5
2019-05-31,536.25,541.5,538.25,544.75,1,5.5
2019-06-03,551.25,556.25,555.0,561.5,3,5.5
2019-06-04,541.5,548.25,552.0,559.25,1,5.5
2019-06-05,523.25,530.25,534.25,542.5,1,5.5
2019-06-06,536.5,542.25,545.5,552.75,1,5.5
2019-06-07,534.0,540.75,545.25,552.5,1,5.5
2019-06-10,536.5,542.5,546.0,552.75,3,5.5
2019-06-11,542.0,546.75,549.25,555.75,1,5.5
2019-06-12,552.5,556.75,557.75,563.75,1,5.5
2019-06-13,559.75,563.25,562.75,568.5,1,5.5
2019-06-14,563.0,565.0,560.75,565.5,1,5.5
2019-06-17,564.25,567.5,564.25,569.5,3,5.5
2019-06-18,558.25,562.25,560.75,566.0,1,5.5
2019-06-19,546.5,549.25,546.25,551.25,1,5.5
2019-06-20,552.25,555.25,552.0,557.25,1,5.5
2019-06-21,551.75,554.0,550.5,555.75,1,5.5
2019-06-24,562.25,564.25,558.75,564.0,3,5.5
2019-06-25,560.0,562.25,557.5,562.75,1,5.5
2019-06-26,565.25,566.75,561.25,567.0,1,5.5
2019-06-27,565.75,567.0,560.75,565.75,1,5.5
2019-06-28,548.75,551.5,546.75,552.25,1,5.5
2019-07-01,536.0,541.75,544.25,550.75,3,5.5
2019-07-02,528.75,535.5,538.5,546.0,1,5.5
2019-07-03,537.25,542.75,544.0,551.0,1,5.5
2019-07-05,537.25,541.75,541.25,547.5,2,5.5
2019-07-08,535.25,541.0,540.5,547.25,3,5.5
2019-07-09,528.75,535.5,535.5,542.75,1,5.5
2019-07-10,529.5,535.75,536.75,543.75,1,5.5
2019-07-11,544.75,550.5,551.75,558.25,1,5.5
2019-07-12,547.5,553.25,553.0,559.25,1,5.5
2019-07-15,533.0,539.0,539.75,546.25,3,5.5
2019-07-16,531.5,537.5,538.25,545.25,1,5.5
2019-07-17,529.75,535.25,535.25,541.75,1,5.5
2019-07-18,517.75,523.5,524.25,530.75,1,5.5
2019-07-19,525.25,531.0,531.25,538.0,1,5.5
2019-07-22,511.5,518.0,520.5,528.0,3,5.5
2019-07-23,510.75,517.25,519.75,527.5,1,5.5
2019-07-24,518.5,524.75,526.5,533.5,1,5.5
2019-07-25,518.25,523.75,525.0,532.0,1,5.5
2019-07-26,515.25,520.5,521.25,527.75,1,5.5
2019-07-29,518.0,523.25,524.75,531.0,3,5.5
2019-07-30,512.5,518.0,520.25,526.75,1,5.5
2019-07-31,504.25,510.75,514.25,521.5,1,5.5
2019-08-01,491.75,497.75,501.0,509.0,1,5.25
2019-08-02,500.5,506.0,510.0,517.25,1,5.25
2019-08-05,503.75,509.5,513.75,521.75,3,5.25
2019-08-06,496.0,501.75,506.5,515.25,1,5.25
2019-08-07,500.0,505.75,510.0,518.5,1,5.25
2019-08-08,508.0,513.0,517.0,524.5,1,5.25
2019-08-09,509.0,514.0,518.0,524.75,1,5.25
2019-08-12,484.0,489.75,495.0,503.75,3,5.25
2019-08-13,483.25,489.25,494.5,502.5,1,5.25
2019-08-14,484.0,489.25,493.75,501.75,1,5.25
2019-08-15,481.0,486.75,491.0,499.25,1,5.25
2019-08-16,484.0,489.75,495.0,503.25,1,5.25
2019-08-19,479.5,485.0,489.75,498.0,3,5.25
2019-08-20,474.25,479.5,484.0,492.5,1,5.25
2019-08-21,474.5,479.25,483.75,492.0,1,5.25
2019-08-22,477.75,481.75,485.75,493.75,1,5.25
2019-08-23,483.5,486.75,490.5,498.25,1,5.25
2019-08-26,481.5,485.0,488.5,496.0,3,5.25
2019-08-27,481.75,484.25,487.0,494.75,1,5.25
2019-08-28,480.75,483.5,486.25,493.75,1,5.25
2019-08-29,478.25,481.0,483.5,491.5,1,5.25
2019-08-30,470.0,475.0,479.5,488.5,1,5.25
2019-09-03,459.75,465.0,469.5,478.25,4,5.25
2019-09-04,467.0,471.25,475.0,483.0,1,5.25
2019-09-05,472.5,477.0,480.0,487.75,1,5.25
2019-09-06,470.5,475.75,479.0,487.0,1,5.25
2019-09-09,479.0,481.5,484.0,491.5,3,5.25
2019-09-10,487.5,490.25,492.75,500.0,1,5.25
2019-09-11,484.0,488.5,491.75,499.25,1,5.25
2019-09-12,489.25,493.25,496.25,503.25,1,5.25
2019-09-13,489.5,494.0,497.5,504.5,1,5.25
2019-09-16,495.25,499.75,503.0,510.25,3,5.25
2019-09-17,490.75,495.25,498.75,506.5,1,5.25
2019-09-18,495.75,500.0,503.75,511.25,1,5.25
2019-09-19,494.25,498.75,502.25,509.75,1,5.0
2019-09-20,491.0,495.75,499.75,507.25,1,5.0
2019-09-23,490.0,494.75,498.25,506.0,3,5.0
2019-09-24,488.5,494.0,498.25,506.5,1,5.0
2019-09-25,483.75,488.75,493.0,501.5,1,5.0
2019-09-26,490.25,494.25,498.5,506.5,1,5.0
2019-09-27,493.75,498.5,502.25,510.0,1,5.0
2019-09-30,502.5,507.25,510.75,518.0,3,5.0
2019-10-01,505.75,510.75,514.25,521.75,1,5.0
2019-10-02,496.25,501.75,506.0,514.0,1,5.0
2019-10-03,496.25,502.0,506.25,514.0,1,5.0
2019-10-04,497.5,502.75,507.0,515.0,1,5.0
2019-10-07,496.5,502.0,506.25,514.75,3,5.0
2019-10-08,507.75,513.0,516.5,524.5,1,5.0
2019-10-09,507.0,512.0,516.25,524.0,1,5.0
2019-10-10,499.75,505.25,510.0,517.75,1,5.0
2019-10-11,514.0,518.5,522.25,529.25,1,5.0
2019-10-14,516.75,521.25,524.5,531.0,3,5.0
2019-10-15,513.25,518.25,522.25,528.75,1,5.0
2019-10-16,518.25,523.0,526.25,532.5,1,5.0
2019-10-17,530.25,534.0,536.0,541.5,1,5.0
2019-10-18,537.0,541.5,544.0,549.75,1,5.0
2019-10-21,529.5,534.5,537.75,544.0,3,5.0
2019-10-22,524.25,529.5,533.5,540.25,1,5.0
2019-10-23,526.0,531.0,534.5,541.25,1,5.0
2019-10-24,521.25,526.25,530.25,537.25,1,5.0
2019-10-25,523.5,528.75,532.5,539.5,1,5.0
2019-10-28,518.0,523.25,528.0,535.75,3,5.0
2019-10-29,517.5,522.5,527.25,534.75,1,5.0
2019-10-30,515.0,519.75,524.5,532.0,1,5.0
2019-10-31,514.75,519.25,523.25,530.0,1,4.75
2019-11-01,521.75,526.5,531.0,537.75,1,4.75
2019-11-04,516.25,521.25,525.75,532.75,3,4.75
2019-11-05,520.25,524.5,529.0,535.75,1,4.75
2019-11-06,521.5,525.75,530.0,536.5,1,4.75
2019-11-07,517.25,522.25,526.5,533.25,1,4.75
2019-11-08,514.25,519.75,524.0,531.5,1,4.75
2019-11-11,510.5,515.5,519.75,527.5,3,4.75
2019-11-12,521.75,526.5,530.25,537.25,1,4.75
2019-11-13,513.75,518.75,522.5,529.5,1,4.75
2019-11-14,511.0,516.0,519.5,527.0,1,4.75
2019-11-15,506.0,510.75,514.5,522.0,1,4.75
2019-11-18,510.75,514.5,517.75,525.5,3,4.75
2019-11-19,515.25,519.0,521.25,529.0,1,4.75
2019-11-20,518.75,521.75,523.25,530.25,1,4.75
2019-11-21,512.0,515.75,517.75,525.0,1,4.75
2019-11-22,518.75,522.75,524.0,531.0,1,4.75
2019-11-25,533.0,536.5,536.0,542.25,3,4.75
2019-11-26,531.0,535.0,534.75,541.0,1,4.75
2019-11-27,526.75,531.0,531.5,537.75,1,4.75
2019-11-29,541.75,544.75,542.75,547.75,2,4.75
2019-12-02,535.25,539.0,538.75,544.5,3,4.75
2019-12-03,525.25,529.75,531.0,537.0,1,4.75
2019-12-04,527.5,531.5,532.75,538.25,1,4.75
2019-12-05,523.75,528.0,530.0,535.75,1,4.75
2019-12-06,524.5,527.75,530.0,536.25,1,4.75
2019-12-09,522.75,526.0,528.75,535.5,3,4.75
2019-12-10,523.75,526.75,529.75,536.5,1,4.75
2019-12-11,519.25,522.75,526.0,532.75,1,4.75
2019-12-12,530.25,533.0,536.0,542.0,1,4.75
2019-12-13,532.5,534.75,537.75,543.5,1,4.75
2019-12-16,549.75,551.25,551.25,555.5,3,4.75
2019-12-17,556.25,559.0,559.0,563.25,1,4.75
2019-12-18,548.25,551.75,553.5,558.75,1,4.75
2019-12-19,545.25,548.75,550.75,555.75,1,4.75
2019-12-20,542.25,546.0,548.75,553.75,1,4.75
2019-12-23,539.5,543.75,547.0,552.75,3,4.75
2019-12-24,541.0,544.75,547.5,553.25,1,4.75
2019-12-27,556.25,558.5,559.75,564.75,3,4.75
2019-12-30,556.0,559.0,561.0,566.25,3,4.75
2019-12-31,558.75,561.75,563.5,568.75,1,4.75
2020-01-02,588.5,587.75,574.75,577.0,1,4.75
2020-01-03,584.75,584.5,571.75,574.25,1,4.75
2020-01-06,581.5,581.5,569.5,572.0,3,4.75
2020-01-07,581.0,581.0,569.0,571.5,1,4.75
2020-01-08,582.25,581.75,569.75,572.25,1,4.75
2020-01-09,588.75,586.5,574.25,576.75,1,4.75
2020-01-10,588.0,585.75,572.75,575.25,1,4.75
2020-01-13,589.0,587.0,573.75,576.0,3,4.75
2020-01-14,591.5,588.75,574.75,576.75,1,4.75
2020-01-15,593.25,589.0,573.5,575.25,1,4.75
2020-01-16,587.25,584.25,568.75,571.25,1,4.75
2020-01-17,590.25,586.5,570.0,572.0,1,4.75
2020-01-21,600.5,595.0,576.25,578.0,4,4.75
2020-01-22,596.75,590.5,570.5,572.5,1,4.75
2020-01-23,597.5,591.5,571.5,573.75,1,4.75
2020-01-24,592.75,588.25,569.5,571.25,1,4.75
2020-01-27,592.0,588.25,571.25,574.0,3,4.75
2020-01-28,588.25,583.75,567.0,569.0,1,4.75
2020-01-29,582.0,578.5,563.5,566.75,1,4.75
2020-01-30,579.25,575.5,560.0,563.25,1,4.75
2020-01-31,575.5,571.5,555.5,557.25,1,4.75
2020-02-03,574.75,571.0,556.25,558.75,3,4.75
2020-02-04,576.25,572.75,558.75,561.5,1,4.75
2020-02-05,580.25,576.25,562.25,564.75,1,4.75
2020-02-06,574.75,571.0,557.75,560.25,1,4.75
2020-02-07,579.0,575.0,560.5,562.75,1,4.75
2020-02-10,577.0,574.5,561.25,563.75,3,4.75
2020-02-11,570.0,569.0,556.75,560.0,1,4.75
2020-02-12,573.25,572.0,560.0,563.5,1,4.75
2020-02-13,568.75,568.0,556.75,560.5,1,4.75
2020-02-14,565.0,563.5,552.0,556.25,1,4.75
2020-02-18,585.0,582.0,569.75,573.0,4,4.75
2020-02-19,584.75,583.25,571.25,574.0,1,4.75
2020-02-20,582.5,581.0,568.5,571.25,1,4.75
2020-02-21,575.75,574.0,561.5,564.25,1,4.75
2020-02-24,563.25,561.75,551.25,554.5,3,4.75
2020-02-25,561.5,559.75,549.25,552.5,1,4.75
2020-02-26,560.25,559.25,548.5,551.5,1,4.75
2020-02-27,555.0,554.25,543.5,546.5,1,4.75
2020-02-28,552.25,552.5,543.0,546.0,1,4.75
2020-03-02,550.5,550.5,540.5,543.75,3,4.75
2020-03-03,554.0,554.5,544.0,547.0,1,4.75
2020-03-04,548.25,551.25,543.5,547.5,1,4.25
2020-03-05,547.5,550.5,543.75,547.25,1,4.25
2020-03-06,545.0,549.25,543.0,546.75,1,4.25
2020-03-09,547.0,551.0,544.75,548.5,3,4.25
2020-03-10,547.5,550.5,543.25,546.75,1,4.25
2020-03-11,541.75,544.75,537.0,539.75,1,4.25
2020-03-12,535.5,538.25,529.75,532.5,1,4.25
2020-03-13,533.75,536.5,527.25,530.0,1,4.25
2020-03-16,526.0,529.25,519.5,522.0,3,3.25
2020-03-17,525.5,528.0,518.75,521.5,1,3.25
2020-03-18,534.5,533.75,523.75,525.25,1,3.25
2020-03-19,551.5,546.75,532.25,533.0,1,3.25
2020-03-20,554.25,552.25,542.75,543.5,1,3.25
2020-03-23,566.5,562.0,549.75,550.0,3,3.25
2020-03-24,565.75,561.5,549.5,550.25,1,3.25
2020-03-25,574.0,569.5,555.25,556.5,1,3.25
2020-03-26,564.25,561.75,549.75,551.5,1,3.25
2020-03-27,566.25,563.75,549.0,550.25,1,3.25
2020-03-30,572.0,571.5,560.75,561.5,3,3.25
2020-03-31,578.75,577.0,566.25,567.0,1,3.25
2020-04-01,565.75,563.5,551.75,553.0,1,3.25
2020-04-02,557.25,555.25,544.0,544.75,1,3.25
2020-04-03,560.0,558.0,545.5,546.75,1,3.25
2020-04-06,566.25,564.75,552.0,553.5,3,3.25
2020-04-07,564.75,563.5,551.0,553.0,1,3.25
2020-04-08,566.25,566.0,553.5,554.5,1,3.25
2020-04-09,572.5,572.75,561.5,562.75,1,3.25
2020-04-14,569.25,570.5,559.0,560.25,5,3.25
2020-04-15,562.75,563.75,552.25,553.5,1,3.25
2020-04-16,552.75,554.0,542.5,544.0,1,3.25
2020-04-17,554.5,555.25,543.25,544.25,1,3.25
2020-04-20,566.0,565.25,552.5,553.75,3,3.25
2020-04-21,562.5,560.5,548.75,549.75,1,3.25
2020-04-22,560.5,558.75,547.5,548.5,1,3.25
2020-04-23,557.25,555.0,544.25,545.25,1,3.25
2020-04-24,545.5,545.0,534.5,536.0,1,3.25
2020-04-27,542.0,542.5,532.75,534.5,3,3.25
2020-04-28,544.75,545.75,536.75,538.5,1,3.25
2020-04-29,538.75,539.5,531.0,534.0,1,3.25
2020-04-30,543.0,542.75,533.25,535.75,1,3.25
2020-05-04,537.75,539.75,531.75,535.5,4,3.25
2020-05-05,539.5,541.75,534.0,537.0,1,3.25
2020-05-06,536.75,539.0,531.75,535.5,1,3.25
2020-05-07,541.0,542.75,536.0,539.5,1,3.25
2020-05-08,541.5,543.25,537.5,541.25,1,3.25
2020-05-11,538.5,541.0,535.75,539.25,3,3.25
2020-05-12,536.25,539.25,535.75,539.5,1,3.25
2020-05-13,526.0,529.25,525.75,530.0,1,3.25
2020-05-14,524.5,527.75,523.75,527.75,1,3.25
2020-05-15,521.75,525.25,522.0,525.75,1,3.25
2020-05-18,518.75,522.5,520.25,524.25,3,3.25
2020-05-19,519.25,523.0,522.0,525.25,1,3.25
2020-05-20,530.0,532.75,530.0,533.25,1,3.25
2020-05-21,534.25,537.0,534.5,537.25,1,3.25
2020-05-22,529.25,532.0,529.25,533.0,1,3.25
2020-05-26,527.75,531.0,528.75,532.0,4,3.25
2020-05-27,525.25,528.5,526.25,529.75,1,3.25
2020-05-28,534.5,538.5,536.25,539.75,1,3.25
2020-05-29,540.25,542.75,538.75,541.75,1,3.25
2020-06-01,537.25,540.5,538.0,541.75,3,3.25
2020-06-02,532.5,536.25,533.5,537.5,1,3.25
2020-06-03,535.75,539.75,536.25,540.75,1,3.25
2020-06-04,546.25,550.5,547.0,551.0,1,3.25
2020-06-05,540.0,544.75,542.75,547.75,1,3.25
2020-06-08,537.25,542.25,542.25,547.25,3,3.25
2020-06-09,531.5,535.75,535.75,541.0,1,3.25
2020-06-10,530.25,534.0,533.0,538.0,1,3.25
2020-06-11,525.5,530.0,529.75,534.75,1,3.25
2020-06-12,526.25,530.0,530.0,536.25,1,3.25
2020-06-15,526.0,529.75,529.75,535.0,3,3.25
2020-06-16,518.25,522.75,523.25,529.5,1,3.25
2020-06-17,512.5,517.75,519.75,526.25,1,3.25
2020-06-18,507.5,513.0,514.75,521.5,1,3.25
2020-06-19,503.75,509.75,512.25,519.0,1,3.25
2020-06-22,507.25,512.75,515.5,522.0,3,3.25
2020-06-23,507.5,513.0,516.0,522.5,1,3.25
2020-06-24,503.0,509.0,512.0,518.5,1,3.25
2020-06-25,503.25,508.75,510.0,516.75,1,3.25
2020-06-26,492.75,498.75,500.75,508.0,1,3.25
2020-06-29,501.25,507.0,507.75,515.25,3,3.25
2020-06-30,506.75,512.25,512.25,520.0,1,3.25
2020-07-01,513.5,518.25,518.25,525.75,1,3.25
2020-07-02,507.5,512.5,513.75,521.25,1,3.25
2020-07-06,508.75,514.0,513.75,521.0,4,3.25
2020-07-07,509.5,514.5,514.75,522.75,1,3.25
2020-07-08,527.75,531.75,530.5,538.0,1,3.25
2020-07-09,535.0,539.0,536.75,543.75,1,3.25
2020-07-10,543.0,544.5,538.75,545.25,1,3.25
2020-07-13,537.5,540.5,537.25,544.0,3,3.25
2020-07-14,539.0,542.0,538.25,545.25,1,3.25
2020-07-15,558.0,558.75,553.0,559.5,1,3.25
2020-07-16,546.5,548.75,544.5,551.0,1,3.25
2020-07-17,546.25,548.5,543.25,549.5,1,3.25
2020-07-20,535.5,538.75,534.75,541.75,3,3.25
2020-07-21,540.0,543.25,539.75,546.25,1,3.25
2020-07-22,545.5,548.75,545.5,551.0,1,3.25
2020-07-23,540.5,543.5,539.5,544.75,1,3.25
2020-07-24,551.0,554.0,550.75,555.25,1,3.25
2020-07-27,541.75,546.0,544.75,550.25,3,3.25
2020-07-28,537.25,541.25,540.5,546.5,1,3.25
2020-07-29,544.25,547.5,546.5,552.0,1,3.25
2020-07-30,542.5,545.75,545.0,550.0,1,3.25
2020-07-31,545.75,549.75,549.0,554.0,1,3.25
2020-08-03,537.25,541.75,541.75,547.0,3,3.25
2020-08-04,526.0,532.25,535.25,541.75,1,3.25
2020-08-05,526.25,531.75,533.75,540.25,1,3.25
2020-08-06,516.5,522.25,525.25,531.75,1,3.25
2020-08-07,511.75,517.25,521.5,528.5,1,3.25
2020-08-10,507.25,512.75,517.0,524.0,3,3.25
2020-08-11,510.75,516.0,520.0,527.0,1,3.25
2020-08-12,507.25,512.75,517.0,524.25,1,3.25
2020-08-13,513.5,519.0,523.25,530.5,1,3.25
2020-08-14,516.25,521.0,524.75,531.75,1,3.25
2020-08-17,532.5,536.75,539.75,546.25,3,3.25
2020-08-18,524.75,529.75,533.75,541.0,1,3.25
2020-08-19,528.5,533.25,536.25,543.0,1,3.25
2020-08-20,535.0,539.25,541.5,547.75,1,3.25
2020-08-21,541.5,546.0,546.75,552.0,1,3.25
2020-08-24,535.25,540.0,541.75,547.5,3,3.25
2020-08-25,543.0,547.25,548.0,553.5,1,3.25
2020-08-26,547.25,551.25,553.0,558.5,1,3.25
2020-08-27,557.75,561.5,561.5,566.5,1,3.25
2020-08-28,556.5,561.0,561.25,566.75,1,3.25
2020-08-31,560.5,564.75,564.5,569.5,3,3.25
2020-09-01,571.75,575.0,572.5,577.0,1,3.25
2020-09-02,566.75,571.25,569.5,574.5,1,3.25
2020-09-03,561.75,566.0,563.5,568.0,1,3.25
2020-09-04,558.75,563.5,561.5,566.75,1,3.25
2020-09-08,553.0,558.25,557.0,562.75,4,3.25
2020-09-09,553.0,558.25,557.75,563.5,1,3.25
2020-09-10,557.25,562.75,562.0,567.25,1,3.25
2020-09-11,550.75,557.0,557.0,562.75,1,3.25
2020-09-14,554.5,560.0,559.0,564.75,3,3.25
2020-09-15,547.25,552.75,551.75,558.0,1,3.25
2020-09-16,550.75,556.25,555.75,561.5,1,3.25
2020-09-17,564.0,568.75,567.25,572.5,1,3.25
2020-09-18,582.75,586.75,582.75,586.75,1,3.25
2020-09-21,563.0,568.25,567.0,572.5,3,3.25
2020-09-22,565.75,570.5,568.0,573.25,1,3.25
2020-09-23,557.0,562.25,560.75,565.75,1,3.25
2020-09-24,557.0,562.0,561.0,566.25,1,3.25
2020-09-25,551.5,556.25,556.0,561.75,1,3.25
2020-09-28,557.0,562.25,562.0,568.0,3,3.25
2020-09-29,556.5,561.5,561.0,567.0,1,3.25
2020-09-30,583.75,586.25,582.0,586.75,1,3.25
2020-10-01,576.5,580.25,577.0,581.75,1,3.25
2020-10-02,579.5,583.5,581.0,585.25,1,3.25
2020-10-05,590.25,593.5,589.25,593.0,3,3.25
2020-10-06,598.25,601.5,596.5,599.75,1,3.25
2020-10-07,610.0,611.5,605.5,608.25,1,3.25
2020-10-08,598.75,599.75,593.5,597.75,1,3.25
2020-10-09,597.75,599.75,594.25,598.0,1,3.25
2020-10-12,597.75,599.75,594.75,598.5,3,3.25
2020-10-13,597.25,599.25,592.75,596.25,1,3.25
2020-10-14,600.75,602.0,595.0,598.5,1,3.25
2020-10-15,619.5,618.25,606.75,609.0,1,3.25
2020-10-16,623.5,621.0,609.0,610.5,1,3.25
2020-10-19,626.0,624.5,610.75,612.75,3,3.25
2020-10-20,632.0,630.5,618.5,620.0,1,3.25
2020-10-21,631.25,630.5,621.0,622.75,1,3.25
2020-10-22,623.75,622.75,613.0,615.5,1,3.25
2020-10-23,632.5,630.5,618.0,620.25,1,3.25
2020-10-26,620.25,619.0,608.25,611.25,3,3.25
2020-10-27,615.75,614.5,605.75,608.5,1,3.25
2020-10-28,607.75,605.5,597.75,600.5,1,3.25
2020-10-29,603.0,601.25,593.0,595.25,1,3.25
2020-10-30,600.0,600.25,592.5,594.75,1,3.25
2020-11-02,608.0,607.5,599.0,600.75,3,3.25
2020-11-03,610.0,609.75,602.0,603.75,1,3.25
2020-11-04,609.5,610.5,603.75,605.75,1,3.25
2020-11-05,613.5,614.5,607.0,608.75,1,3.25
2020-11-06,609.0,610.75,605.75,607.75,1,3.25
2020-11-09,605.5,608.0,603.0,606.0,3,3.25
2020-11-10,616.25,618.75,613.75,616.5,1,3.25
2020-11-11,606.0,608.5,604.75,607.25,1,3.25
2020-11-12,597.25,600.25,597.75,600.5,1,3.25
2020-11-13,602.0,605.0,602.25,604.5,1,3.25
2020-11-16,604.75,608.5,606.5,609.0,3,3.25
2020-11-17,603.0,606.75,604.25,607.0,1,3.25
2020-11-18,606.5,609.75,605.25,607.5,1,3.25
2020-11-19,598.75,602.25,600.0,602.75,1,3.25
2020-11-20,599.5,602.25,598.25,600.5,1,3.25
2020-11-23,604.5,607.0,601.75,604.0,3,3.25
2020-11-24,617.5,618.75,612.0,613.75,1,3.25
2020-11-25,596.5,599.75,597.0,599.5,1,3.25
2020-11-27,606.0,609.25,606.75,608.75,2,3.25
2020-11-30,585.0,588.75,588.5,591.5,3,3.25
2020-12-01,577.25,581.25,581.0,584.5,1,3.25
2020-12-02,588.5,591.25,590.0,593.5,1,3.25
2020-12-03,584.5,587.75,587.5,591.5,1,3.25
2020-12-04,575.5,578.75,579.5,583.75,1,3.25
2020-12-07,577.5,581.0,582.25,586.5,3,3.25
2020-12-08,570.0,573.25,574.25,578.75,1,3.25
2020-12-09,583.25,584.5,583.75,587.25,1,3.25
2020-12-10,596.5,597.25,595.0,598.0,1,3.25
2020-12-11,614.5,614.0,607.5,609.5,1,3.25
2020-12-14,596.5,598.5,594.5,596.75,3,3.25
2020-12-15,599.75,601.25,596.5,599.0,1,3.25
2020-12-16,598.5,599.75,595.0,597.0,1,3.25
2020-12-17,608.75,609.75,604.0,606.5,1,3.25
2020-12-18,608.25,609.25,603.75,606.75,1,3.25
2020-12-21,611.25,612.25,606.0,608.75,3,3.25
2020-12-22,617.0,616.75,609.5,611.75,1,3.25
2020-12-23,629.75,627.75,617.0,618.5,1,3.25
2020-12-24,627.0,625.75,615.75,617.75,1,3.25
2020-12-28,614.25,615.0,607.0,609.5,4,3.25
2020-12-29,618.5,619.25,611.75,614.25,1,3.25
2020-12-30,640.75,638.5,627.25,629.0,1,3.25
2020-12-31,640.5,639.5,628.25,630.25,1,3.25
2021-01-04,644.75,638.0,619.5,618.0,1,3.25
2021-01-05,654.0,646.25,627.0,626.75,1,3.25
2021-01-06,653.75,646.5,629.0,630.0,1,3.25
2021-01-07,650.25,644.0,625.5,626.75,1,3.25
2021-01-08,648.25,642.25,626.25,626.75,1,3.25
2021-01-11,645.0,638.5,621.75,622.25,3,3.25
2021-01-12,664.0,655.25,630.75,630.5,1,3.25
2021-01-13,658.25,649.5,628.0,626.75,1,3.25
2021-01-14,664.5,656.0,633.0,632.5,1,3.25
2021-01-15,666.5,658.75,635.0,634.5,1,3.25
2021-01-19,670.0,660.5,635.0,633.75,4,3.25
2021-01-20,659.5,649.0,624.0,623.25,1,3.25
2021-01-21,658.5,647.5,622.25,620.5,1,3.25
2021-01-22,636.25,626.0,602.25,602.0,1,3.25
2021-01-25,644.25,635.0,611.25,610.5,3,3.25
2021-01-26,655.25,644.75,621.75,620.75,1,3.25
2021-01-27,646.75,636.5,613.75,612.75,1,3.25
2021-01-28,638.75,629.5,606.5,606.25,1,3.25
2021-01-29,649.0,639.5,616.25,615.5,1,3.25
2021-02-01,641.0,632.5,609.0,609.5,3,3.25
2021-02-02,638.5,630.0,608.5,608.75,1,3.25
2021-02-03,643.25,634.0,613.75,614.5,1,3.25
2021-02-04,639.75,631.5,611.5,612.25,1,3.25
2021-02-05,643.0,634.75,614.0,616.25,1,3.25
2021-02-08,651.75,643.25,621.25,622.5,3,3.25
2021-02-09,649.75,641.5,618.75,621.0,1,3.25
2021-02-10,640.5,633.25,612.25,614.25,1,3.25
2021-02-11,640.25,632.75,612.25,614.0,1,3.25
2021-02-12,641.25,635.0,614.75,616.25,1,3.25
2021-02-16,654.25,646.5,626.25,627.75,4,3.25
2021-02-17,646.25,639.25,618.25,620.0,1,3.25
2021-02-18,657.0,650.25,628.75,629.75,1,3.25
2021-02-19,652.0,646.5,626.0,627.75,1,3.25
2021-02-22,663.0,657.0,635.75,637.5,3,3.25
2021-02-23,663.0,657.25,635.75,635.75,1,3.25
2021-02-24,673.5,667.25,642.25,641.5,1,3.25
2021-02-25,667.5,661.5,637.75,637.5,1,3.25
2021-02-26,654.5,649.25,627.75,628.0,1,3.25
2021-03-01,650.0,647.25,625.5,626.25,3,3.25
2021-03-02,659.5,656.75,634.0,633.75,1,3.25
2021-03-03,654.5,652.75,631.5,632.0,1,3.25
2021-03-04,650.0,649.0,629.0,629.75,1,3.25
2021-03-05,651.5,649.75,629.75,630.0,1,3.25
2021-03-08,651.5,650.5,630.5,631.0,3,3.25
2021-03-09,659.25,658.25,638.0,638.25,1,3.25
2021-03-10,654.5,654.0,634.0,635.5,1,3.25
2021-03-11,648.5,648.0,628.25,629.75,1,3.25
2021-03-12,645.5,645.25,625.25,627.0,1,3.25
2021-03-15,647.0,646.25,625.75,627.25,3,3.25
2021-03-16,647.0,647.0,627.25,628.75,1,3.25
2021-03-17,642.25,642.25,621.75,623.5,1,3.25
2021-03-18,634.0,634.0,613.25,615.25,1,3.25
2021-03-19,631.5,632.0,611.25,613.75,1,3.25
2021-03-22,630.75,631.5,610.5,613.0,3,3.25
2021-03-23,634.75,635.25,614.25,616.0,1,3.25
2021-03-24,629.5,631.25,609.75,612.25,1,3.25
2021-03-25,621.5,624.0,604.75,607.75,1,3.25
2021-03-26,622.25,624.75,605.5,607.5,1,3.25
2021-03-29,625.0,626.5,608.5,610.0,3,3.25
2021-03-30,614.25,616.75,599.0,600.75,1,3.25
2021-03-31,629.5,630.75,611.5,612.5,1,3.25
2021-04-01,624.25,625.0,606.5,607.25,1,3.25
2021-04-06,624.75,625.0,609.25,610.75,5,3.25
2021-04-07,628.25,628.25,611.75,613.0,1,3.25
2021-04-08,640.75,639.0,618.0,618.25,1,3.25
2021-04-09,649.5,647.0,623.75,624.0,1,3.25
2021-04-12,641.5,639.75,619.25,620.0,3,3.25
2021-04-13,644.0,643.0,622.0,622.5,1,3.25
2021-04-14,662.5,659.5,636.75,637.0,1,3.25
2021-04-15,666.0,662.25,637.25,637.0,1,3.25
2021-04-16,666.5,663.25,639.75,639.75,1,3.25
2021-04-19,666.75,663.25,639.25,639.25,3,3.25
2021-04-20,673.5,668.5,643.75,643.5,1,3.25
2021-04-21,684.75,678.75,652.75,651.75,1,3.25
2021-04-22,714.25,704.25,674.25,671.5,1,3.25
2021-04-23,719.25,710.0,678.25,675.5,1,3.25
2021-04-26,743.25,731.0,693.0,690.25,3,3.25
2021-04-27,736.25,729.25,690.25,688.25,1,3.25
2021-04-28,722.25,716.5,678.5,676.75,1,3.25
2021-04-29,729.5,723.0,685.5,684.0,1,3.25
2021-04-30,736.0,727.75,688.25,687.0,1,3.25
2021-05-03,724.0,718.5,680.25,680.25,3,3.25
2021-05-04,732.5,726.75,685.0,685.25,1,3.25
2021-05-05,749.5,743.0,698.75,699.5,1,3.25
2021-05-06,761.25,754.5,707.0,705.25,1,3.25
2021-05-07,769.0,762.25,712.75,710.0,1,3.25
2021-05-10,738.5,733.25,690.0,688.25,3,3.25
2021-05-11,746.5,740.0,699.0,697.75,1,3.25
2021-05-12,735.25,728.75,695.0,694.0,1,3.25
2021-05-13,710.25,703.25,671.75,671.75,1,3.25
2021-05-14,714.0,706.25,673.0,671.5,1,3.25
2021-05-17,707.0,699.25,666.0,664.75,3,3.25
2021-05-18,707.25,702.25,673.5,672.25,1,3.25
2021-05-19,690.75,687.0,660.25,660.0,1,3.25
2021-05-20,687.5,685.0,660.75,661.25,1,3.25
2021-05-21,685.75,681.5,660.0,659.75,1,3.25
2021-05-24,676.25,673.25,654.0,654.75,3,3.25
2021-05-25,672.0,670.0,651.25,652.5,1,3.25
2021-05-26,666.5,665.25,646.0,647.25,1,3.25
2021-05-27,693.0,692.5,671.25,672.0,1,3.25
2021-05-28,681.75,682.5,665.75,666.75,1,3.25
2021-06-01,709.75,707.0,690.0,689.75,4,3.25
2021-06-02,707.5,707.25,696.75,697.25,1,3.25
2021-06-03,695.75,696.0,685.75,686.25,1,3.25
2021-06-04,706.5,707.5,702.0,703.0,1,3.25
2021-06-07,702.25,706.25,705.0,706.5,3,3.25
2021-06-08,706.75,709.25,704.75,705.5,1,3.25
2021-06-09,704.75,707.0,700.25,701.0,1,3.25
2021-06-10,703.75,705.25,697.5,698.0,1,3.25
2021-06-11,700.0,701.0,693.0,693.5,1,3.25
2021-06-14,692.75,693.5,685.25,685.75,3,3.25
2021-06-15,679.0,681.25,675.75,676.75,1,3.25
2021-06-16,678.75,680.5,674.25,675.25,1,3.25
2021-06-17,656.5,658.75,653.75,655.25,1,3.25
2021-06-18,677.25,678.0,669.75,670.75,1,3.25
2021-06-21,676.75,678.25,671.75,673.5,3,3.25
2021-06-22,667.5,669.25,662.75,664.5,1,3.25
2021-06-23,677.0,678.5,671.5,673.0,1,3.25
2021-06-24,664.5,666.5,661.0,663.0,1,3.25
2021-06-25,654.5,657.0,652.25,654.5,1,3.25
2021-06-28,665.5,667.75,662.25,664.25,3,3.25
2021-06-29,660.25,663.25,660.75,665.75,1,3.25
2021-06-30,691.0,693.0,687.25,690.25,1,3.25
2021-07-01,681.0,683.5,679.75,683.25,1,3.25
2021-07-02,669.75,673.25,672.0,675.25,1,3.25
2021-07-06,641.75,646.0,646.0,650.5,4,3.25
2021-09-15,723.75,727.75,710.25,711.75,71,3.25
2021-09-16,724.0,727.5,706.75,709.0,1,3.25
2021-09-17,719.75,722.75,703.75,706.0,1,3.25
2021-09-20,711.5,715.0,699.75,702.25,3,3.25
2021-09-21,701.0,705.0,692.5,695.25,1,3.25
2021-09-22,716.0,719.25,704.0,706.25,1,3.25
2021-09-23,728.5,732.0,713.25,714.75,1,3.25
2021-09-24,734.75,738.0,716.0,716.5,1,3.25
2021-09-27,733.75,737.75,718.5,719.25,3,3.25
2021-09-28,719.0,723.75,703.75,705.25,1,3.25
2021-09-29,722.25,726.75,709.25,711.25,1,3.25
2021-09-30,736.5,739.5,721.5,723.0,1,3.25
2021-10-01,766.0,768.25,741.25,742.5,1,3.25
2021-10-04,768.25,771.5,749.25,751.0,3,3.25
2021-10-05,757.25,760.25,741.0,743.0,1,3.25
2021-10-06,759.0,762.0,746.0,747.5,1,3.25
2021-10-07,754.75,758.5,744.5,746.0,1,3.25
2021-10-08,747.25,751.0,738.25,740.5,1,3.25
2021-10-11,745.5,750.0,740.0,742.25,3,3.25
2021-10-12,747.25,751.5,740.75,743.0,1,3.25
2021-10-13,731.75,736.75,726.75,729.5,1,3.25
2021-10-14,736.75,741.0,729.25,732.25,1,3.25
2021-10-15,746.5,750.25,738.25,740.25,1,3.25
2021-10-18,748.75,752.5,740.0,742.25,3,3.25
2021-10-19,748.5,752.25,740.5,742.25,1,3.25
2021-10-20,761.25,764.5,752.75,753.5,1,3.25
2021-10-21,753.5,757.0,746.75,748.0,1,3.25
2021-10-22,767.5,769.75,756.5,757.25,1,3.25
2021-10-25,771.75,774.5,763.25,764.25,3,3.25
2021-10-26,765.25,768.75,759.5,761.5,1,3.25
2021-10-27,773.0,776.5,769.25,771.25,1,3.25
2021-10-28,785.5,788.5,778.5,779.5,1,3.25
2021-10-29,785.0,788.0,775.75,776.25,1,3.25
2021-11-01,808.75,811.0,795.5,795.25,3,3.25
2021-11-02,803.5,806.75,792.75,793.0,1,3.25
2021-11-03,792.75,796.5,786.5,786.75,1,3.25
2021-11-04,786.25,790.75,779.0,778.5,1,3.25
2021-11-05,779.75,783.75,773.75,774.0,1,3.25
2021-11-08,781.25,785.75,776.25,776.75,3,3.25
2021-11-09,790.25,794.0,784.25,784.0,1,3.25
2021-11-10,815.0,817.5,805.5,804.75,1,3.25
2021-11-11,824.25,827.25,814.25,812.75,1,3.25
2021-11-12,828.5,832.25,818.0,815.75,1,3.25
2021-11-15,836.75,841.0,824.0,818.5,3,3.25
2021-11-16,820.0,825.0,813.0,809.0,1,3.25
2021-11-17,833.0,837.5,822.75,819.25,1,3.25
2021-11-18,830.75,836.25,824.75,823.0,1,3.25
2021-11-19,834.25,840.0,828.75,827.0,1,3.25
2021-11-22,857.5,862.5,848.75,844.0,3,3.25
2021-11-23,867.5,872.25,858.25,854.0,1,3.25
2021-11-24,850.25,856.5,843.25,839.0,1,3.25
2021-11-26,840.25,846.5,834.0,830.0,2,3.25
2021-11-29,822.25,828.5,817.5,815.75,3,3.25
2021-11-30,787.25,793.75,787.0,787.5,1,3.25
2021-12-01,790.5,796.25,786.5,786.5,1,3.25
2021-12-02,815.0,819.5,802.5,802.0,1,3.25
2021-12-03,803.75,809.5,794.25,794.75,1,3.25
2021-12-06,806.25,811.25,798.75,799.0,3,3.25
2021-12-07,808.5,813.25,801.5,802.25,1,3.25
2021-12-08,794.5,799.25,790.75,792.25,1,3.25
2021-12-09,776.75,782.5,774.75,777.25,1,3.25
2021-12-10,785.25,790.75,783.0,785.25,1,3.25
2021-12-13,788.75,794.25,786.5,788.5,3,3.25
2021-12-14,787.0,792.5,784.0,785.75,1,3.25
2021-12-15,756.0,762.0,757.0,759.75,1,3.25
2021-12-16,770.5,775.0,768.5,771.0,1,3.25
2021-12-17,775.0,778.5,769.75,771.25,1,3.25
2021-12-20,777.75,780.5,771.5,773.5,3,3.25
2021-12-21,799.0,801.75,790.0,789.5,1,3.25
2021-12-22,814.0,817.75,806.0,804.75,1,3.25
2021-12-23,814.75,818.5,805.75,804.5,1,3.25
2021-12-27,804.0,808.25,800.75,800.5,4,3.25
2021-12-28,783.5,788.75,783.75,784.75,1,3.25
2021-12-29,787.75,791.75,785.5,787.0,1,3.25
2021-12-30,779.75,783.0,774.25,775.75,1,3.25
2021-12-31,770.75,774.25,764.5,766.5,1,3.25
2022-01-03,764.5,752.5,712.75,711.25,1,3.25
2022-01-04,776.75,764.0,722.25,718.75,1,3.25
2022-01-05,771.25,760.5,722.25,719.5,1,3.25
2022-01-06,761.0,751.75,716.75,716.0,1,3.25
2022-01-07,767.0,759.0,727.5,727.0,1,3.25
2022-01-10,772.25,765.0,734.75,733.25,3,3.25
2022-01-11,781.25,775.25,744.75,743.0,1,3.25
2022-01-12,768.5,762.25,734.25,732.75,1,3.25
2022-01-13,756.0,752.0,730.0,730.0,1,3.25
2022-01-14,750.0,746.0,724.5,724.0,1,3.25
2022-01-18,769.75,764.5,739.75,738.75,4,3.25
2022-01-19,793.5,787.75,759.5,758.25,1,3.25
2022-01-20,788.0,781.25,752.75,752.5,1,3.25
2022-01-21,784.0,777.25,750.0,750.0,1,3.25
2022-01-24,799.0,792.25,762.75,762.0,3,3.25
2022-01-25,812.75,805.25,774.25,773.25,1,3.25
2022-01-26,797.0,790.0,762.0,762.0,1,3.25
2022-01-27,782.5,776.5,750.75,750.25,1,3.25
2022-01-28,790.75,784.0,755.25,754.25,1,3.25
2022-01-31,769.25,763.0,734.75,733.75,3,3.25
2022-02-01,775.5,770.25,744.25,744.0,1,3.25
2022-02-02,766.0,761.25,736.0,735.5,1,3.25
2022-02-03,763.0,759.0,736.0,736.0,1,3.25
2022-02-04,771.75,767.25,742.0,742.25,1,3.25
2022-02-07,782.25,778.25,752.25,752.75,3,3.25
2022-02-08,786.5,781.25,755.25,755.0,1,3.25
2022-02-09,796.0,790.75,766.0,765.75,1,3.25
2022-02-10,783.75,779.0,755.25,755.0,1,3.25
2022-02-11,804.25,797.75,771.0,770.5,1,3.25
2022-02-14,807.0,799.75,771.25,770.75,3,3.25
2022-02-15,790.5,784.25,757.0,756.75,1,3.25
2022-02-16,791.75,785.75,758.75,758.5,1,3.25
2022-02-17,810.5,802.75,772.75,772.0,1,3.25
2022-02-18,810.0,802.25,771.5,771.0,1,3.25
2022-02-22,850.75,837.5,800.25,796.75,4,3.25
2022-02-23,877.0,863.5,823.0,817.5,1,3.25
2022-02-24,898.75,867.75,809.5,801.5,1,3.25
2022-02-25,830.25,805.75,765.0,759.75,1,3.25
2022-02-28,889.75,861.5,808.25,801.5,3,3.25
2022-03-01,907.25,864.25,796.75,790.5,1,3.25
2022-03-02,861.75,829.25,772.5,765.75,1,3.25
2022-03-03,921.0,885.5,829.0,800.0,1,3.25
2022-03-04,945.25,913.0,849.75,809.25,1,3.25
2022-03-07,999.75,955.75,880.75,828.75,3,3.25
2022-03-08,955.5,909.25,849.75,808.75,1,3.25
2022-03-09,914.5,863.5,803.0,763.75,1,3.25
2022-03-10,941.0,899.75,834.0,809.5,1,3.25
2022-03-11,978.0,916.25,834.0,811.5,1,3.25
2022-03-14,947.75,890.75,818.0,794.75,3,3.25
2022-03-15,971.25,913.0,839.5,816.25,1,3.25
2022-03-16,910.5,864.75,801.25,778.0,1,3.25
2022-03-17,950.75,906.5,839.75,812.25,1,3.5
2022-03-18,940.75,906.75,844.0,820.75,1,3.5
2022-03-21,988.25,952.25,891.0,865.0,3,3.5
2022-03-22,1010.5,971.5,905.75,882.5,1,3.5
2022-03-23,1005.75,966.0,898.0,874.5,1,3.5
2022-03-24,988.0,949.5,886.5,865.75,1,3.5
2022-03-25,1011.5,970.0,903.25,883.0,1,3.5
2022-03-28,997.75,966.0,902.75,884.25,3,3.5
2022-03-29,965.0,939.25,882.75,865.25,1,3.5
2022-03-30,970.75,945.75,889.25,872.25,1,3.5
2022-03-31,951.75,927.25,878.5,863.5,1,3.5
2022-04-01,948.25,929.25,876.75,861.25,1,3.5
2022-04-04,980.25,961.75,903.5,887.75,3,3.5
2022-04-05,1011.25,989.75,925.5,907.25,1,3.5
2022-04-06,1020.0,1001.5,931.25,912.75,1,3.5
2022-04-07,1011.25,993.75,922.0,902.75,1,3.5
2022-04-08,1043.25,1026.25,948.0,927.0,1,3.5
2022-04-11,1071.75,1053.0,970.0,947.5,3,3.5
2022-04-12,1090.5,1070.25,985.0,960.5,1,3.5
2022-04-13,1102.5,1083.75,1001.5,978.75,1,3.5
2022-04-14,1085.75,1071.5,1004.75,992.25,1,3.5
2022-04-19,1095.0,1087.5,1038.75,1031.5,5,3.5
2022-04-20,1090.25,1085.75,1047.5,1040.25,1,3.5
2022-04-21,1072.0,1068.0,1030.75,1024.0,1,3.5
2022-04-22,1068.75,1063.0,1025.5,1017.0,1,3.5
2022-04-25,1063.25,1055.25,1014.75,1008.0,3,3.5
2022-04-26,1084.75,1076.0,1029.0,1021.25,1,3.5
2022-04-27,1084.75,1076.0,1032.0,1022.0,1,3.5
2022-04-28,1082.25,1075.25,1034.0,1022.0,1,3.5
2022-04-29,1057.5,1050.75,1012.0,1001.25,1,3.5
2022-05-02,1060.75,1053.75,1013.75,1003.75,3,3.5
2022-05-03,1054.25,1048.5,1010.5,999.75,1,3.5
2022-05-04,1082.25,1074.0,1030.75,1018.0,1,3.5
2022-05-05,1108.0,1099.25,1052.25,1038.75,1,4.0
2022-05-06,1112.75,1100.75,1043.75,1029.25,1,4.0
2022-05-09,1102.75,1090.75,1032.75,1019.75,3,4.0
2022-05-10,1104.5,1094.75,1039.25,1026.75,1,4.0
2022-05-11,1124.25,1112.0,1053.25,1040.25,1,4.0
2022-05-12,1186.75,1169.75,1106.25,1090.5,1,4.0
2022-05-13,1182.5,1161.0,1098.75,1078.5,1,4.0
2022-05-16,1245.5,1210.25,1116.75,1089.25,3,4.0
2022-05-17,1271.75,1241.0,1159.75,1129.75,1,4.0
2022-05-18,1231.5,1208.75,1139.5,1108.25,1,4.0
2022-05-19,1209.5,1192.25,1125.0,1094.75,1,4.0
2022-05-20,1180.0,1166.0,1105.0,1076.0,1,4.0
2022-05-23,1205.0,1191.0,1130.5,1099.75,3,4.0
2022-05-24,1173.25,1163.0,1114.25,1085.0,1,4.0
2022-05-25,1166.25,1152.75,1097.25,1069.75,1,4.0
2022-05-26,1161.75,1149.5,1104.5,1078.0,1,4.0
2022-05-27,1176.75,1166.0,1122.0,1094.25,1,4.0
2022-05-31,1112.0,1102.5,1071.0,1046.25,4,4.0
2022-06-01,1070.25,1063.25,1030.0,1007.25,1,4.0
2022-06-02,1088.75,1088.75,1062.0,1038.5,1,4.0
2022-06-03,1072.5,1076.5,1058.25,1042.5,1,4.0
2022-06-06,1124.25,1128.25,1106.75,1089.75,3,4.0
2022-06-07,1107.0,1112.0,1095.0,1083.5,1,4.0
2022-06-08,1113.0,1118.5,1102.75,1091.25,1,4.0
2022-06-09,1106.75,1111.25,1093.25,1081.25,1,4.0
2022-06-10,1108.0,1112.0,1091.25,1077.75,1,4.0
2022-06-13,1110.75,1114.75,1098.0,1087.75,3,4.0
2022-06-14,1091.5,1095.25,1075.75,1063.0,1,4.0
2022-06-15,1088.25,1091.25,1071.5,1058.5,1,4.0
2022-06-16,1111.75,1114.0,1092.5,1078.5,1,4.75
2022-06-17,1071.75,1075.25,1057.5,1046.0,1,4.75
2022-06-21,1015.75,1019.75,1002.5,991.0,4,4.75
2022-06-22,1015.0,1018.75,1002.0,990.25,1,4.75
2022-06-23,974.5,979.0,961.75,949.75,1,4.75
2022-06-24,962.0,965.25,946.75,935.25,1,4.75
2022-06-27,943.25,947.25,930.5,920.25,3,4.75
2022-06-28,958.75,961.5,943.0,931.5,1,4.75
2022-06-29,953.25,957.0,940.25,930.75,1,4.75
2022-06-30,911.0,915.75,901.75,892.25,1,4.75
2022-07-01,875.5,883.25,875.0,870.25,1,4.75
2022-07-05,839.25,847.75,838.25,832.25,4,4.75
2022-07-06,837.0,843.5,830.75,822.75,1,4.75
2022-07-07,865.25,871.0,857.0,848.75,1,4.75
2022-07-08,919.25,923.5,906.25,897.0,1,4.75
2022-07-11,885.75,891.25,875.5,867.25,3,4.75
2022-07-12,845.0,851.5,839.5,832.5,1,4.75
2022-07-13,843.25,849.75,836.5,829.5,1,4.75
2022-07-14,829.75,837.25,825.5,819.0,1,4.75
2022-07-15,810.25,818.5,810.0,806.25,1,4.75
2022-07-18,845.25,852.5,843.25,840.5,3,4.75
2022-07-19,843.25,850.75,841.25,839.0,1,4.75
2022-07-20,848.75,855.25,843.5,840.25,1,4.75
2022-07-21,835.0,841.5,829.75,827.0,1,4.75
2022-07-22,793.5,802.0,796.5,797.0,1,4.75
2022-07-25,804.25,812.0,804.75,803.75,3,4.75
2022-07-26,837.25,844.25,835.0,832.5,1,4.75
2022-07-27,825.0,833.25,826.5,826.75,1,4.75
2022-07-28,851.5,858.75,851.5,851.0,1,5.5
2022-07-29,843.0,851.75,847.5,848.25,1,5.5
2022-08-01,837.0,846.25,842.5,844.75,3,5.5
2022-08-02,812.75,823.25,821.25,824.0,1,5.5
2022-08-03,802.75,813.5,811.75,814.0,1,5.5
2022-08-04,820.5,830.75,828.25,829.5,1,5.5
2022-08-05,814.0,826.25,827.5,832.0,1,5.5
2022-08-08,817.25,829.0,830.0,834.5,3,5.5
2022-08-09,816.5,827.5,828.0,831.5,1,5.5
2022-08-10,832.75,843.25,842.75,845.75,1,5.5
2022-08-11,841.25,850.75,849.0,851.25,1,5.5
2022-08-12,835.5,844.5,842.75,845.5,1,5.5
2022-08-15,831.5,840.75,839.75,842.75,3,5.5
2022-08-16,816.75,825.75,825.0,828.0,1,5.5
2022-08-17,796.0,805.75,805.5,809.0,1,5.5
2022-08-18,766.0,776.75,778.75,783.25,1,5.5
2022-08-19,787.5,797.5,797.75,801.5,1,5.5
2022-08-22,804.75,815.0,816.5,821.75,3,5.5
2022-08-23,817.25,827.5,830.25,836.5,1,5.5
2022-08-24,828.5,837.25,838.0,843.0,1,5.5
2022-08-25,804.5,813.75,814.0,819.0,1,5.5
2022-08-26,821.5,830.5,831.75,838.0,1,5.5
2022-08-29,857.5,864.75,864.5,869.75,3,5.5
2022-08-30,836.25,845.0,846.75,853.5,1,5.5
2022-08-31,847.75,856.75,858.25,865.0,1,5.5
2022-09-01,811.25,821.0,823.0,829.75,1,5.5
2022-09-02,827.25,837.25,838.5,845.25,1,5.5
2022-09-06,832.0,841.0,841.0,847.0,4,5.5
2022-09-07,857.5,863.75,859.5,864.25,1,5.5
2022-09-08,843.75,852.75,849.5,854.75,1,5.5
2022-09-09,884.0,890.5,884.0,886.25,1,5.5
2022-09-12,873.25,881.25,875.5,878.0,3,5.5
2022-09-13,876.75,886.25,880.0,882.0,1,5.5
2022-09-14,888.0,897.0,890.25,891.25,1,5.5
2022-09-15,860.5,869.5,860.75,861.0,1,5.5
2022-09-16,874.75,884.0,875.75,876.75,1,5.5
2022-09-19,846.5,855.75,850.75,853.0,3,5.5
2022-09-20,907.25,914.75,905.0,903.75,1,5.5
2022-09-21,915.25,921.75,910.25,907.25,1,5.5
2022-09-22,922.0,927.5,913.5,911.0,1,6.25
2022-09-23,893.75,900.75,888.25,886.5,1,6.25
2022-09-26,871.25,877.75,865.5,863.5,3,6.25
2022-09-27,884.25,890.5,876.0,872.75,1,6.25
2022-09-28,915.0,920.5,903.75,898.25,1,6.25
2022-09-29,908.0,914.75,899.0,894.5,1,6.25
2022-09-30,932.0,936.75,912.25,905.0,1,6.25
2022-10-03,925.0,931.25,911.0,904.5,3,6.25
2022-10-04,915.5,921.75,904.5,899.75,1,6.25
2022-10-05,915.25,922.25,909.25,906.0,1,6.25
2022-10-06,892.75,900.5,891.25,890.0,1,6.25
2022-10-07,895.0,903.25,896.5,895.25,1,6.25
2022-10-10,951.5,956.0,940.25,933.75,3,6.25
2022-10-11,917.0,924.0,911.25,907.0,1,6.25
2022-10-12,899.0,907.25,899.5,897.5,1,6.25
2022-10-13,908.5,915.5,906.75,903.5,1,6.25
2022-10-14,877.0,885.5,880.75,881.0,1,6.25
2022-10-17,878.75,887.5,883.5,883.5,3,6.25
2022-10-18,867.75,876.75,874.5,875.75,1,6.25
2022-10-19,859.5,868.75,866.0,867.25,1,6.25
2022-10-20,868.0,878.0,877.0,880.25,1,6.25
2022-10-21,869.5,879.5,878.0,881.25,1,6.25
2022-10-24,858.25,868.5,867.0,871.0,3,6.25
2022-10-25,854.25,865.25,865.25,870.5,1,6.25
2022-10-26,859.5,869.75,869.0,874.25,1,6.25
2022-10-27,858.0,868.5,868.5,874.0,1,6.25
2022-10-28,849.0,860.0,861.5,867.75,1,6.25
2022-10-31,899.25,907.5,903.75,906.5,3,6.25
2022-11-01,919.0,924.75,919.5,921.5,1,6.25
2022-11-02,865.0,873.5,874.0,879.25,1,6.25
2022-11-03,859.75,869.75,871.25,876.25,1,7.0
2022-11-04,866.75,877.25,880.5,886.5,1,7.0
2022-11-07,864.0,874.25,879.0,885.5,3,7.0
2022-11-08,847.5,858.0,862.75,869.5,1,7.0
2022-11-09,827.75,839.25,844.75,852.5,1,7.0
2022-11-10,825.75,837.0,843.25,851.0,1,7.0
2022-11-11,835.25,846.5,852.5,860.25,1,7.0
2022-11-14,838.25,849.25,854.0,861.25,3,7.0
2022-11-15,848.0,858.25,862.25,869.0,1,7.0
2022-11-16,837.25,847.25,851.0,857.5,1,7.0
2022-11-17,825.0,835.25,839.0,845.5,1,7.0
2022-11-18,822.0,831.5,835.25,840.75,1,7.0
2022-11-21,818.25,827.5,831.0,836.75,3,7.0
2022-11-22,810.5,820.0,822.5,828.0,1,7.0
2022-11-23,813.5,823.25,825.75,831.5,1,7.0
2022-11-25,797.0,807.75,811.75,818.5,2,7.0
2022-11-28,780.75,792.25,797.25,805.25,3,7.0
2022-11-29,781.5,792.5,797.0,804.5,1,7.0
2022-11-30,795.5,806.0,808.75,815.0,1,7.0
2022-12-01,783.0,795.25,800.5,808.25,1,7.0
2022-12-02,761.0,773.25,779.75,788.75,1,7.0
2022-12-05,739.0,750.75,757.0,766.25,3,7.0
2022-12-06,729.0,739.75,745.5,754.25,1,7.0
2022-12-07,749.5,759.75,763.75,770.25,1,7.0
2022-12-08,746.25,756.25,760.0,766.5,1,7.0
2022-12-09,734.25,744.75,749.25,756.5,1,7.0
2022-12-12,754.75,764.0,767.75,774.0,3,7.0
2022-12-13,750.75,761.0,765.75,772.25,1,7.0
2022-12-14,749.25,758.75,764.0,771.25,1,7.0
2022-12-15,757.25,766.0,770.5,776.25,1,7.5
2022-12-16,753.5,761.0,765.5,771.25,1,7.5
2022-12-19,748.5,756.75,761.75,768.5,3,7.5
2022-12-20,750.5,757.5,762.0,769.0,1,7.5
2022-12-21,767.75,775.25,779.5,786.0,1,7.5
2022-12-22,762.25,769.75,774.75,781.75,1,7.5
2022-12-23,776.0,782.5,786.25,792.75,1,7.5
2022-12-27,774.5,781.0,784.25,790.75,4,7.5
2022-12-28,785.5,792.75,796.25,802.5,1,7.5
2022-12-29,774.0,781.0,785.25,792.5,1,7.5
2022-12-30,792.0,798.75,803.0,809.5,1,7.5
2023-01-03,812.75,811.5,792.75,792.5,1,7.5
2023-01-04,786.75,786.5,769.0,769.5,1,7.5
2023-01-05,785.25,785.75,768.5,771.0,1,7.5
2023-01-06,784.0,784.5,766.75,771.5,1,7.5
2023-01-09,784.0,784.5,766.5,770.0,3,7.5
2023-01-10,774.5,774.75,757.0,758.75,1,7.5
2023-01-11,782.0,782.75,765.0,767.25,1,7.5
2023-01-12,784.25,785.0,767.5,768.5,1,7.5
2023-01-13,784.0,785.75,772.5,772.75,1,7.5
2023-01-17,791.0,792.25,778.5,778.25,4,7.5
2023-01-18,785.0,786.5,773.25,773.5,1,7.5
2023-01-19,778.75,780.25,767.0,768.75,1,7.5
2023-01-20,784.5,786.0,772.0,773.5,1,7.5
2023-01-23,764.0,765.75,751.25,753.0,3,7.5
2023-01-24,775.25,776.25,762.0,762.25,1,7.5
2023-01-25,778.75,779.25,764.75,764.5,1,7.5
2023-01-26,790.5,790.0,774.5,774.25,1,7.5
2023-01-27,787.75,787.75,773.0,772.5,1,7.5
2023-01-30,791.5,791.25,776.75,777.75,3,7.5
2023-01-31,799.75,799.75,784.25,785.5,1,7.5
2023-02-01,801.75,802.0,786.75,785.75,1,7.5
2023-02-02,805.25,805.25,788.75,787.75,1,7.75
2023-02-03,803.0,803.0,787.0,785.75,1,7.75
2023-02-06,798.5,799.0,782.25,779.75,3,7.75
2023-02-07,799.25,799.25,780.5,779.25,1,7.75
2023-02-08,810.0,810.0,791.0,788.25,1,7.75
2023-02-09,804.0,803.75,786.0,783.5,1,7.75
2023-02-10,826.75,825.5,804.5,798.0,1,7.75
2023-02-13,829.25,828.0,805.75,800.5,3,7.75
2023-02-14,827.5,826.25,804.0,798.25,1,7.75
2023-02-15,816.25,815.5,794.5,790.0,1,7.75
2023-02-16,813.0,812.5,791.25,786.75,1,7.75
2023-02-17,811.5,811.25,790.75,786.5,1,7.75
2023-02-21,801.25,801.75,780.75,777.5,4,7.75
2023-02-22,789.5,789.5,768.75,765.5,1,7.75
2023-02-23,788.0,788.0,767.5,765.0,1,7.75
2023-02-24,763.25,763.5,743.25,742.5,1,7.75
2023-02-27,755.0,756.75,739.5,738.25,3,7.75
2023-02-28,752.5,755.0,738.5,738.25,1,7.75
2023-03-01,757.0,759.75,743.75,743.0,1,7.75
2023-03-02,757.75,760.75,745.25,745.0,1,7.75
2023-03-03,755.25,758.5,743.0,743.25,1,7.75
2023-03-06,743.25,747.75,733.5,734.0,3,7.75
2023-03-07,745.0,748.75,733.0,733.25,1,7.75
2023-03-08,734.75,738.0,723.25,723.75,1,7.75
2023-03-09,717.75,722.25,707.0,707.75,1,7.75
2023-03-10,729.0,733.5,717.0,718.0,1,7.75
2023-03-13,734.0,738.25,721.5,722.75,3,7.75
2023-03-14,744.0,747.5,730.0,730.0,1,7.75
2023-03-15,749.0,751.5,730.75,729.75,1,7.75
2023-03-16,743.25,745.25,723.75,722.25,1,7.75
2023-03-17,752.0,753.25,731.0,729.25,1,7.75
2023-03-20,738.5,740.0,718.0,717.0,3,7.75
2023-03-21,727.0,729.75,709.5,708.25,1,7.75
2023-03-22,712.5,716.5,698.5,698.0,1,7.75
2023-03-23,714.0,718.25,699.75,701.75,1,8.0
2023-03-24,738.75,742.25,723.75,724.25,1,8.0
2023-03-27,749.75,752.75,733.0,733.25,3,8.0
2023-03-28,752.0,754.25,734.75,735.5,1,8.0
2023-03-29,755.5,757.5,736.5,736.75,1,8.0
2023-03-30,746.5,749.75,730.5,731.5,1,8.0
2023-03-31,746.25,749.25,730.5,732.0,1,8.0
2023-04-03,750.0,752.75,734.5,736.25,3,8.0
2023-04-04,746.5,748.75,732.25,733.75,1,8.0
2023-04-05,738.25,741.5,725.0,726.75,1,8.0
2023-04-06,731.0,734.25,718.75,720.75,1,8.0
2023-04-11,723.25,726.5,711.5,714.25,5,8.0
2023-04-12,724.0,726.5,712.0,714.25,1,8.0
2023-04-13,712.75,716.25,702.25,704.75,1,8.0
2023-04-14,727.5,729.5,715.0,717.25,1,8.0
2023-04-17,742.25,744.0,728.5,730.0,3,8.0
2023-04-18,744.25,746.25,731.25,732.75,1,8.0
2023-04-19,729.5,731.5,716.5,718.75,1,8.0
2023-04-20,715.75,717.5,704.0,707.25,1,8.0
2023-04-21,706.75,708.5,698.25,702.0,1,8.0
2023-04-24,696.75,700.0,693.75,699.75,3,8.0
2023-04-25,693.25,697.25,690.75,698.0,1,8.0
2023-04-26,682.5,686.25,682.0,690.5,1,8.0
2023-04-27,669.25,673.5,670.75,680.0,1,8.0
2023-04-28,674.25,679.25,676.5,685.25,1,8.0
2023-05-02,650.5,657.25,659.25,671.0,4,8.0
2023-05-03,678.0,684.25,684.5,694.75,1,8.0
2023-05-04,684.75,690.25,689.5,698.25,1,8.25
2023-05-05,697.5,701.5,699.25,708.75,1,8.25
2023-05-08,693.5,698.5,698.0,708.0,3,8.25
2023-05-09,684.0,690.25,691.5,701.0,1,8.25
2023-05-10,680.75,686.75,687.25,697.25,1,8.25
2023-05-11,668.5,675.25,676.25,686.25,1,8.25
2023-05-12,676.5,682.5,682.5,692.0,1,8.25
2023-05-15,699.5,704.75,703.5,712.25,3,8.25
2023-05-16,689.25,695.0,694.25,703.0,1,8.25
2023-05-17,669.75,676.75,676.5,685.0,1,8.25
2023-05-18,657.5,665.25,665.25,673.75,1,8.25
2023-05-19,650.75,659.25,661.25,669.5,1,8.25
2023-05-22,651.25,658.75,661.5,670.25,3,8.25
2023-05-23,665.0,671.75,673.75,682.25,1,8.25
2023-05-24,651.0,657.5,660.25,669.25,1,8.25
2023-05-25,650.75,657.5,661.25,670.0,1,8.25
2023-05-26,661.25,668.5,673.0,681.75,1,8.25
2023-05-30,640.5,648.25,654.0,664.0,4,8.25
2023-05-31,642.0,649.75,656.0,665.75,1,8.25
2023-06-01,659.25,667.25,672.75,682.0,1,8.25
2023-06-02,667.5,676.25,682.5,692.5,1,8.25
2023-06-05,671.25,680.25,686.5,696.25,3,8.25
2023-06-06,674.0,683.25,688.25,697.5,1,8.25
2023-06-07,660.5,669.5,674.0,683.0,1,8.25
2023-06-08,670.75,679.75,685.0,694.75,1,8.25
2023-06-09,672.0,681.0,686.25,696.0,1,8.25
2023-06-12,676.5,685.0,690.0,699.0,3,8.25
2023-06-13,677.75,686.5,692.0,701.25,1,8.25
2023-06-14,671.0,679.25,684.25,693.75,1,8.25
2023-06-15,699.0,706.25,710.5,719.0,1,8.25
2023-06-16,727.25,734.0,736.0,743.75,1,8.25
2023-06-19,727.25,734.0,736.0,743.75,3,8.25
2023-06-20,735.75,741.5,742.5,749.25,1,8.25
2023-06-21,774.25,776.75,774.5,778.25,1,8.25
2023-06-22,782.25,784.5,780.25,782.75,1,8.25
2023-06-23,773.5,776.0,770.5,772.25,1,8.25
2023-06-26,770.0,774.25,772.5,775.75,3,8.25
2023-06-27,731.0,736.75,736.75,741.0,1,8.25
2023-06-28,702.0,709.75,712.75,719.25,1,8.25
2023-06-29,699.0,706.25,708.5,714.25,1,8.25
2023-06-30,685.25,693.75,697.75,705.25,1,8.25
2023-07-03,677.0,685.75,691.0,699.25,3,8.25
2023-07-05,705.5,713.25,715.0,721.25,2,8.25
2023-07-06,693.0,701.5,704.75,711.75,1,8.25
2023-07-07,682.0,690.25,693.5,700.5,1,8.25
2023-07-10,678.75,687.25,690.5,697.75,3,8.25
2023-07-11,692.25,699.5,702.25,709.5,1,8.25
2023-07-12,668.25,677.25,681.75,690.25,1,8.25
2023-07-13,676.5,685.75,690.0,698.75,1,8.25
2023-07-14,696.75,704.5,707.75,715.25,1,8.25
2023-07-17,689.0,696.75,699.75,707.5,3,8.25
2023-07-18,706.25,713.75,717.25,725.25,1,8.25
2023-07-19,759.25,763.75,762.5,766.5,1,8.25
2023-07-20,760.5,764.5,760.75,763.25,1,8.25
2023-07-21,734.5,741.25,739.0,742.75,1,8.25
2023-07-24,792.0,794.75,786.75,786.5,3,8.25
2023-07-25,796.5,797.75,788.25,787.25,1,8.25
2023-07-26,759.5,764.0,760.75,763.0,1,8.25
2023-07-27,754.25,761.25,758.75,761.0,1,8.5
2023-07-28,747.75,755.75,754.5,758.25,1,8.5
2023-07-31,714.5,724.5,727.25,733.75,3,8.5
2023-08-01,701.0,713.25,718.5,726.75,1,8.5
2023-08-02,691.25,704.75,709.25,717.25,1,8.5
2023-08-03,681.75,697.25,704.5,713.5,1,8.5
2023-08-04,686.25,700.5,706.75,715.25,1,8.5
2023-08-07,704.75,717.25,721.25,728.25,3,8.5
2023-08-08,705.5,718.5,723.75,731.75,1,8.5
2023-08-09,687.75,703.0,709.5,718.5,1,8.5
2023-08-10,687.75,702.75,709.0,718.0,1,8.5
2023-08-11,680.0,696.25,703.0,712.5,1,8.5
2023-08-14,667.5,682.75,689.5,698.75,3,8.5
2023-08-15,649.25,664.5,671.75,681.5,1,8.5
2023-08-16,648.25,664.25,672.0,681.5,1,8.5
2023-08-17,640.75,656.5,664.25,674.25,1,8.5
2023-08-18,662.75,677.25,683.25,691.5,1,8.5
2023-08-21,651.0,666.75,673.0,681.25,3,8.5
2023-08-22,652.25,667.5,673.5,681.75,1,8.5
2023-08-23,665.5,681.0,687.25,695.75,1,8.5
2023-08-24,658.0,674.0,681.25,690.5,1,8.5
2023-08-25,648.75,665.25,672.75,682.5,1,8.5
2023-08-28,644.0,660.5,668.75,679.25,3,8.5
2023-08-29,627.75,645.75,656.5,669.0,1,8.5
2023-08-30,633.5,650.0,659.0,671.0,1,8.5
2023-08-31,628.75,645.5,654.5,666.5,1,8.5
2023-09-01,622.0,639.0,647.25,658.25,1,8.5
2023-09-05,625.0,640.25,647.75,658.25,4,8.5
2023-09-06,634.5,651.0,659.0,670.0,1,8.5
2023-09-07,625.75,643.0,652.0,663.5,1,8.5
2023-09-08,621.75,638.75,647.75,659.75,1,8.5
2023-09-11,610.75,627.5,637.5,650.25,3,8.5
2023-09-12,614.0,630.5,640.0,652.75,1,8.5
2023-09-13,623.5,640.0,647.5,659.0,1,8.5
2023-09-14,620.25,636.75,644.25,655.5,1,8.5
2023-09-15,629.5,645.25,652.0,662.5,1,8.5
2023-09-18,616.75,633.25,640.5,651.25,3,8.5
2023-09-19,610.25,627.25,636.0,647.75,1,8.5
2023-09-20,614.75,630.75,639.5,651.5,1,8.5
2023-09-21,602.25,619.0,628.75,640.75,1,8.5
2023-09-22,606.5,623.75,633.5,645.75,1,8.5
2023-09-25,615.5,632.75,642.75,654.75,3,8.5
2023-09-26,616.25,633.75,644.25,657.0,1,8.5
2023-09-27,607.25,626.0,637.75,651.25,1,8.5
2023-09-28,606.5,624.75,636.25,649.0,1,8.5
2023-09-29,573.5,594.75,612.25,628.75,1,8.5
2023-10-02,596.0,615.0,631.0,646.0,3,8.5
2023-10-03,597.75,617.0,632.75,646.75,1,8.5
2023-10-04,589.0,607.0,623.0,637.75,1,8.5
2023-10-05,607.0,625.5,641.75,656.5,1,8.5
2023-10-06,598.0,617.0,634.0,648.5,1,8.5
2023-10-09,603.5,623.25,640.75,655.0,3,8.5
2023-10-10,590.0,610.5,628.75,643.5,1,8.5
2023-10-11,587.25,607.25,625.25,640.0,1,8.5
2023-10-12,601.5,619.75,636.25,650.25,1,8.5
2023-10-13,606.25,622.5,636.75,649.5,1,8.5
2023-10-16,604.5,620.75,634.75,647.75,3,8.5
2023-10-17,598.75,616.0,631.25,645.5,1,8.5
2023-10-18,608.0,624.25,638.5,651.75,1,8.5
2023-10-19,619.75,634.75,647.75,659.5,1,8.5
2023-10-20,613.5,630.75,645.5,659.25,1,8.5
2023-10-23,615.0,631.5,645.25,658.0,3,8.5
2023-10-24,607.5,623.75,637.5,650.5,1,8.5
2023-10-25,596.25,613.5,629.0,643.5,1,8.5
2023-10-26,606.0,622.25,636.5,650.25,1,8.5
2023-10-27,602.5,619.0,633.75,647.75,1,8.5
2023-10-30,594.25,611.75,627.5,642.25,3,8.5
2023-10-31,585.25,603.0,619.25,634.25,1,8.5
2023-11-01,589.5,607.75,623.5,637.5,1,8.5
2023-11-02,592.75,609.75,625.25,639.25,1,8.5
2023-11-03,599.25,616.5,632.0,645.75,1,8.5
2023-11-06,602.5,620.0,635.75,649.5,3,8.5
2023-11-07,596.0,612.75,628.0,642.25,1,8.5
2023-11-08,616.5,633.0,647.75,661.5,1,8.5
2023-11-09,606.25,622.0,636.25,650.25,1,8.5
2023-11-10,599.25,614.75,628.75,642.75,1,8.5
2023-11-13,602.25,616.75,630.0,644.25,3,8.5
2023-11-14,597.75,613.0,626.75,641.5,1,8.5
2023-11-15,588.0,603.5,618.0,632.75,1,8.5
2023-11-16,581.0,596.5,610.0,624.5,1,8.5
2023-11-17,575.75,592.0,605.75,620.75,1,8.5
2023-11-20,570.5,586.25,600.0,615.25,3,8.5
2023-11-21,582.75,597.25,610.5,625.5,1,8.5
2023-11-22,584.5,599.25,612.25,626.75,1,8.5
2023-11-24,577.25,591.5,604.0,618.25,2,8.5
2023-11-27,561.0,576.25,589.0,603.25,3,8.5
2023-11-28,572.0,588.0,601.75,616.0,1,8.5
2023-11-29,585.75,600.75,613.5,627.5,1,8.5
2023-11-30,598.0,612.75,624.75,638.75,1,8.5
2023-12-01,602.75,617.0,628.25,642.0,1,8.5
2023-12-04,620.5,634.0,643.5,655.25,3,8.5
2023-12-05,631.25,644.0,651.5,660.75,1,8.5
2023-12-06,633.5,643.75,648.5,656.25,1,8.5
2023-12-07,642.25,649.5,653.0,660.75,1,8.5
2023-12-08,631.75,640.5,645.5,654.75,1,8.5
2023-12-11,609.5,619.25,625.75,635.75,3,8.5
2023-12-12,625.5,635.5,642.0,651.75,1,8.5
2023-12-13,605.25,616.5,623.75,634.75,1,8.5
2023-12-14,615.75,625.75,631.5,640.75,1,8.5
2023-12-15,629.25,639.5,644.25,652.75,1,8.5
2023-12-18,617.0,628.0,633.75,643.25,3,8.5
2023-12-19,622.75,633.25,638.5,647.5,1,8.5
2023-12-20,610.0,621.25,628.0,638.75,1,8.5
2023-12-21,612.5,624.0,631.75,643.25,1,8.5
2023-12-22,616.25,627.5,634.75,645.75,1,8.5
2023-12-27,623.0,633.75,639.5,649.75,5,8.5
2023-12-28,631.5,642.25,647.75,657.5,1,8.5
2023-12-29,628.0,639.5,645.75,656.25,1,8.5
2024-01-02,662.75,666.75,660.75,667.75,1,8.5
2024-01-03,659.5,664.0,658.5,666.0,1,8.5
2024-01-04,666.0,670.0,662.0,669.5,1,8.5
2024-01-05,669.0,672.25,664.25,671.75,1,8.5
2024-01-08,656.25,661.5,654.25,662.0,3,8.5
2024-01-09,667.75,672.5,664.25,671.75,1,8.5
2024-01-10,669.5,673.75,666.0,673.5,1,8.5
2024-01-11,662.25,666.75,659.25,666.5,1,8.5
2024-01-12,657.0,662.0,656.75,663.75,1,8.5
2024-01-16,646.5,653.25,650.25,657.25,4,8.5
2024-01-17,642.25,648.0,643.75,651.75,1,8.5
2024-01-18,644.0,650.5,646.25,653.25,1,8.5
2024-01-19,650.0,656.5,651.75,658.75,1,8.5
2024-01-22,653.0,659.25,654.25,661.25,3,8.5
2024-01-23,653.0,659.0,653.75,661.0,1,8.5
2024-01-24,663.25,668.5,661.5,668.75,1,8.5
2024-01-25,663.5,668.75,661.5,668.75,1,8.5
2024-01-26,653.75,660.25,655.0,662.25,1,8.5
2024-01-29,648.25,654.5,648.75,656.25,3,8.5
2024-01-30,658.75,664.75,657.25,662.75,1,8.5
2024-01-31,649.75,656.5,650.5,656.75,1,8.5
2024-02-01,650.25,656.25,649.25,655.5,1,8.5
2024-02-02,651.5,657.75,650.25,656.0,1,8.5
2024-02-05,642.5,649.25,643.75,650.0,3,8.5
2024-02-06,642.75,649.5,645.75,651.75,1,8.5
2024-02-07,645.25,652.25,647.75,653.75,1,8.5
2024-02-08,633.0,640.0,636.5,642.25,1,8.5
2024-02-09,632.75,639.0,635.25,641.25,1,8.5
2024-02-12,632.25,638.25,634.75,640.5,3,8.5
2024-02-13,630.25,636.75,634.25,640.0,1,8.5
2024-02-14,620.5,627.75,623.75,629.25,1,8.5
2024-02-15,605.75,613.0,611.25,617.0,1,8.5
2024-02-16,597.75,605.0,603.75,609.25,1,8.5
2024-02-20,613.5,619.75,616.75,622.25,4,8.5
2024-02-21,609.5,615.75,613.0,618.5,1,8.5
2024-02-22,612.25,618.5,616.0,621.5,1,8.5
2024-02-23,603.75,611.25,609.5,615.0,1,8.5
2024-02-26,612.5,620.75,619.25,625.25,3,8.5
2024-02-27,620.0,627.75,628.25,634.5,1,8.5
2024-02-28,615.25,624.0,625.0,631.75,1,8.5
2024-02-29,614.75,623.0,624.5,631.0,1,8.5
2024-03-01,599.25,608.75,612.75,620.25,1,8.5
2024-03-04,604.5,613.75,617.5,625.0,3,8.5
2024-03-05,594.5,604.5,609.25,617.75,1,8.5
2024-03-06,585.75,597.0,603.0,612.25,1,8.5
2024-03-07,588.0,599.5,605.5,614.5,1,8.5
2024-03-08,599.5,611.25,617.0,626.0,1,8.5
2024-03-11,610.75,622.25,627.5,636.5,3,8.5
2024-03-12,609.0,620.0,624.25,633.0,1,8.5
2024-03-13,608.75,620.25,624.75,633.5,1,8.5
2024-03-14,601.25,613.0,618.25,627.25,1,8.5
2024-03-15,601.0,613.0,618.25,627.5,1,8.5
2024-03-18,612.0,623.25,627.25,635.75,3,8.5
2024-03-19,620.0,631.0,635.0,643.75,1,8.5
2024-03-20,615.25,626.75,631.0,638.5,1,8.5
2024-03-21,617.5,628.5,632.25,640.25,1,8.5
2024-03-22,624.75,635.75,639.25,646.75,1,8.5
2024-03-25,626.75,637.75,640.5,648.25,3,8.5
2024-03-26,620.0,631.75,635.5,644.0,1,8.5
2024-03-27,621.75,633.0,636.0,644.0,1,8.5
2024-03-28,628.25,638.5,640.75,647.5,1,8.5
2024-04-02,622.5,634.5,637.75,645.25,5,8.5
2024-04-03,632.0,643.0,645.25,650.75,1,8.5
2024-04-04,632.0,642.75,645.0,650.75,1,8.5
2024-04-05,639.0,648.75,648.75,654.25,1,8.5
2024-04-08,640.25,650.5,650.25,655.75,3,8.5
2024-04-09,631.5,642.25,642.75,648.75,1,8.5
2024-04-10,631.75,642.5,643.25,649.25,1,8.5
2024-04-11,624.5,635.0,636.0,642.25,1,8.5
2024-04-12,628.0,638.0,639.25,645.25,1,8.5
2024-04-15,625.5,636.0,637.75,644.25,3,8.5
2024-04-16,621.25,631.75,633.25,640.0,1,8.5
2024-04-17,613.0,624.75,627.25,634.25,1,8.5
2024-04-18,615.25,626.75,628.75,635.75,1,8.5
2024-04-19,629.5,641.25,643.25,651.25,1,8.5
2024-04-23,660.25,669.25,666.5,671.75,4,8.5
2024-04-24,672.25,681.0,677.0,681.75,1,8.5
2024-04-25,680.5,688.0,682.5,687.25,1,8.5
2024-04-26,684.25,692.25,687.5,692.0,1,8.5
2024-04-29,674.25,684.0,681.25,687.5,3,8.5
2024-04-30,670.0,681.0,681.25,688.75,1,8.5
2024-05-02,671.5,683.0,685.0,694.0,2,8.5
2024-05-03,688.25,698.75,698.0,706.0,1,8.5
2024-05-06,711.5,719.75,716.75,723.75,3,8.5
2024-05-07,708.0,716.75,715.5,722.25,1,8.5
2024-05-08,699.75,708.5,707.25,714.0,1,8.5
2024-05-09,701.0,709.5,708.0,715.25,1,8.5
2024-05-10,722.0,727.75,722.75,728.25,1,8.5
2024-05-13,743.75,747.0,735.25,738.0,3,8.5
2024-05-14,735.0,740.25,731.0,734.75,1,8.5
2024-05-15,727.25,732.75,724.75,728.25,1,8.5
2024-05-16,724.75,730.5,722.75,726.25,1,8.5
2024-05-17,716.25,723.75,718.25,722.5,1,8.5
2024-05-20,749.5,755.25,745.75,747.75,3,8.5
2024-05-21,756.5,760.75,749.75,751.5,1,8.5
2024-05-22,749.5,753.25,744.0,745.25,1,8.5
2024-05-23,753.0,754.75,742.0,742.25,1,8.5
2024-05-24,754.5,756.5,744.0,744.0,1,8.5
2024-05-28,757.0,759.0,747.75,747.25,4,8.5
2024-05-29,752.25,756.25,748.75,749.5,1,8.5
2024-05-30,741.75,747.25,742.5,744.5,1,8.5
2024-05-31,740.25,746.25,742.25,744.25,1,8.5
2024-06-03,736.0,742.25,737.75,738.75,3,8.5
2024-06-04,724.25,731.0,727.0,729.0,1,8.5
2024-06-05,714.75,722.75,718.75,720.75,1,8.5
2024-06-06,707.75,716.5,711.5,713.5,1,8.5
2024-06-07,697.5,706.75,701.5,704.0,1,8.5
2024-06-10,680.0,689.75,686.75,691.25,3,8.5
2024-06-11,690.0,698.5,695.5,698.5,1,8.5
2024-06-12,678.5,687.5,686.75,692.0,1,8.5
2024-06-13,677.5,686.25,683.5,688.0,1,8.5
2024-06-14,666.75,674.75,671.25,675.75,1,8.5
2024-06-17,649.0,657.25,656.0,662.25,3,8.5
2024-06-18,642.75,651.75,652.25,658.75,1,8.5
2024-06-20,628.5,637.75,639.25,645.75,2,8.5
2024-06-21,618.25,628.75,631.75,638.75,1,8.5
2024-06-24,612.5,622.75,626.75,634.5,3,8.5
2024-06-25,600.5,611.25,616.25,624.75,1,8.5
2024-06-26,601.0,611.25,615.5,624.75,1,8.5
2024-06-27,619.0,628.0,630.5,638.0,1,8.5
2024-06-28,615.5,625.25,628.25,636.75,1,8.5
2024-07-01,630.75,639.75,641.75,648.75,3,8.5
2024-07-02,623.75,633.0,634.75,642.25,1,8.5
2024-07-03,618.25,629.0,632.5,640.5,1,8.5
2024-07-05,632.0,642.0,644.75,652.25,2,8.5
2024-07-08,614.25,624.75,629.5,638.25,3,8.5
2024-07-09,615.5,625.75,630.0,638.75,1,8.5
2024-07-10,605.0,615.75,620.75,631.0,1,8.5
2024-07-11,614.75,625.25,630.5,640.0,1,8.5
2024-07-12,597.5,609.75,616.25,627.25,1,8.5
2024-07-15,577.5,590.25,598.5,611.0,3,8.5
2024-07-16,576.25,588.5,595.5,607.5,1,8.5
2024-07-17,583.75,595.0,601.0,612.5,1,8.5
2024-07-18,580.75,592.25,598.25,609.5,1,8.5
2024-07-19,588.5,599.5,603.25,613.25,1,8.5
2024-07-22,593.75,604.75,608.25,617.75,3,8.5
2024-07-23,588.75,600.25,604.0,613.5,1,8.5
2024-07-24,591.0,602.0,606.25,616.25,1,8.5
2024-07-25,582.75,594.5,599.75,609.75,1,8.5
2024-07-26,569.0,581.0,586.75,597.5,1,8.5
2024-07-29,576.25,588.0,592.25,602.25,3,8.5
2024-07-30,570.25,581.75,585.75,595.5,1,8.5
2024-07-31,573.25,585.25,588.5,598.0,1,8.5
